Gene,DRR127476_bin.16,DRR127514_bin.3,DRR127619_bin.11,DRR127718_bin.11,DRR127720_bin.6,DRR127752_bin.18_sub,DRR127755_bin.21,MH_sensitive_DRR127478_SemiBin_56,MH_sensitive_DRR127532_SemiBin_33,MH_sensitive_DRR127537_SemiBin_56,MH_sensitive_DRR127557_SemiBin_47,MH_sensitive_DRR127567_SemiBin_19,MH_sensitive_DRR127647_SemiBin_28,MH_sensitive_DRR127692_SemiBin_11,MH_sensitive_DRR127708_SemiBin_52,MH_sensitive_DRR127721_SemiBin_53,MH_sensitive_DRR127736_SemiBin_32,MH_sensitive_DRR127751_SemiBin_5,MH_sensitive_DRR171465_SemiBin_39,Gene ID,EC#,HMMER,dbCAN_sub,DIAMOND,#ofTools
gnl|Prokka|AKEAHCKB_02604,1.0,1.0,2.0,0.0,1.0,0.0,1.0,0.0,0.0,1.0,0.0,1.0,0.0,1.0,0.0,0.0,1.0,0.0,1.0,gnl|Prokka|AKEAHCKB_02604,-,GH38(7-265),GH38_e0,GH38,3
gnl|Prokka|BNGDJCLN_03255,1.0,1.0,1.0,1.0,1.0,1.0,1.0,1.0,1.0,1.0,1.0,1.0,1.0,1.0,1.0,1.0,1.0,1.0,1.0,gnl|Prokka|BNGDJCLN_03255,2.4.1.-:12,GT26(62-231),GT26_e141,GT26,3
gnl|Prokka|BNGDJCLN_03687,1.0,2.0,1.0,1.0,1.0,1.0,2.0,1.0,1.0,1.0,0.0,2.0,0.0,1.0,1.0,1.0,1.0,1.0,1.0,gnl|Prokka|BNGDJCLN_03687,-,GH25(70-245),GH25_e19,GH25,3
gnl|Prokka|BNGDJCLN_03795,1.0,0.0,0.0,0.0,0.0,0.0,0.0,0.0,0.0,0.0,0.0,0.0,0.0,0.0,0.0,0.0,0.0,0.0,0.0,gnl|Prokka|BNGDJCLN_03795,-,GH24(26-130),GH24_e305,-,2
gnl|Prokka|COAKLHLB_04009,1.0,1.0,2.0,0.0,1.0,0.0,1.0,0.0,2.0,0.0,1.0,1.0,0.0,2.0,0.0,1.0,0.0,0.0,0.0,gnl|Prokka|COAKLHLB_04009,3.2.1.122:13,GH4(6-182),GH4_e4,GH4,3
gnl|Prokka|HCDLLMMA_00694,0.0,0.0,0.0,0.0,0.0,0.0,0.0,0.0,0.0,0.0,0.0,0.0,0.0,0.0,0.0,1.0,0.0,0.0,0.0,gnl|Prokka|HCDLLMMA_00694,-,GT2(41-192),GT2,GT2,3
gnl|Prokka|HCDLLMMA_04349,0.0,0.0,0.0,0.0,0.0,0.0,0.0,0.0,0.0,0.0,0.0,0.0,0.0,0.0,0.0,1.0,0.0,0.0,0.0,gnl|Prokka|HCDLLMMA_04349,-,GT2(267-383),GT2,GT2,3
gnl|Prokka|KAGGKOGE_03259,0.0,0.0,0.0,0.0,0.0,0.0,0.0,0.0,0.0,1.0,0.0,0.0,0.0,0.0,0.0,0.0,0.0,0.0,0.0,gnl|Prokka|KAGGKOGE_03259,-,GH23(31-149),GH23_e719,GH23,3
gnl|Prokka|KIDIHNBK_03439,1.0,1.0,1.0,1.0,1.0,1.0,1.0,1.0,1.0,1.0,1.0,1.0,1.0,1.0,1.0,1.0,1.0,1.0,1.0,gnl|Prokka|KIDIHNBK_03439,4.2.2.n1:8,GH23(52-197),GH23_e734,GH23,3
gnl|Prokka|LGNBBEFE_03335,0.0,0.0,1.0,0.0,1.0,0.0,0.0,0.0,0.0,0.0,0.0,0.0,0.0,0.0,0.0,0.0,0.0,0.0,0.0,gnl|Prokka|LGNBBEFE_03335,-,GH13_27(3-173),GH13_e166,GH0,3
gnl|Prokka|LKCJGGKA_04087,1.0,1.0,1.0,1.0,1.0,1.0,1.0,1.0,1.0,1.0,1.0,1.0,1.0,1.0,1.0,1.0,1.0,1.0,1.0,gnl|Prokka|LKCJGGKA_04087,-,GT51(62-226),GT51_e71,GT51,3
gnl|Prokka|MKNIKEAA_02047,0.0,0.0,0.0,0.0,0.0,0.0,1.0,1.0,0.0,0.0,0.0,0.0,0.0,0.0,0.0,0.0,0.0,0.0,0.0,gnl|Prokka|MKNIKEAA_02047,-,GT2(7-143),GT2,GT2,3
gnl|Prokka|MKNIKEAA_04311,1.0,0.0,1.0,1.0,1.0,1.0,0.0,1.0,0.0,0.0,1.0,1.0,1.0,1.0,0.0,1.0,1.0,1.0,0.0,gnl|Prokka|MKNIKEAA_04311,-,GT2(34-198),GT2,GT2,3
gnl|Prokka|NKEMDPIE_00037,1.0,1.0,1.0,1.0,1.0,1.0,1.0,1.0,0.0,1.0,0.0,1.0,0.0,0.0,1.0,1.0,1.0,1.0,1.0,gnl|Prokka|NKEMDPIE_00037,2.4.1.230:11,GH65(299-674),GH65_e4,GH65,3
gnl|Prokka|PJBPACPC_04182,1.0,1.0,1.0,1.0,1.0,1.0,1.0,1.0,1.0,1.0,1.0,0.0,1.0,1.0,1.0,1.0,1.0,1.0,1.0,gnl|Prokka|PJBPACPC_04182,2.4.1.129:12,GT51(54-229),GT51_e130,GT51,3
gnl|Prokka|PLJPCPFJ_04118,1.0,1.0,1.0,0.0,1.0,0.0,1.0,0.0,1.0,0.0,1.0,1.0,0.0,1.0,0.0,1.0,0.0,1.0,0.0,gnl|Prokka|PLJPCPFJ_04118,-,GH15(92-417),-,-,1
gnl|Prokka|APDOGEMG_00873,1.0,1.0,1.0,1.0,1.0,0.0,1.0,1.0,1.0,1.0,1.0,1.0,1.0,1.0,1.0,1.0,1.0,1.0,1.0,gnl|Prokka|APDOGEMG_00873,-,-,CBM50_e391,-,1
gnl|Prokka|MKNIKEAA_00464,1.0,1.0,1.0,1.0,1.0,1.0,1.0,1.0,1.0,1.0,1.0,1.0,1.0,0.0,1.0,1.0,1.0,1.0,1.0,gnl|Prokka|MKNIKEAA_00464,-|-,-,AA2_e1+AA2_e1,AA0,2
gnl|Prokka|JDDPIIHO_01605,1.0,1.0,1.0,1.0,1.0,1.0,1.0,1.0,1.0,1.0,1.0,1.0,1.0,0.0,1.0,1.0,1.0,1.0,1.0,gnl|Prokka|JDDPIIHO_01605,-,-,-,GH67,1
gnl|Prokka|NGKABENH_04344,1.0,0.0,0.0,1.0,0.0,1.0,0.0,1.0,0.0,0.0,0.0,0.0,2.0,0.0,1.0,0.0,1.0,0.0,1.0,gnl|Prokka|NGKABENH_04344,-,-,-,GH6,1
gnl|Prokka|NGKABENH_03428,1.0,1.0,1.0,1.0,1.0,1.0,1.0,1.0,1.0,1.0,1.0,1.0,1.0,1.0,1.0,1.0,1.0,1.0,1.0,gnl|Prokka|NGKABENH_03428,-,-,-,GT2,1
gnl|Prokka|HCDLLMMA_01339,1.0,1.0,1.0,1.0,1.0,1.0,1.0,1.0,1.0,1.0,1.0,1.0,1.0,1.0,1.0,1.0,1.0,1.0,1.0,gnl|Prokka|HCDLLMMA_01339,-,-,-,GH103,1
gnl|Prokka|KAGGKOGE_01683,1.0,1.0,1.0,1.0,1.0,1.0,1.0,1.0,1.0,1.0,0.0,0.0,0.0,1.0,1.0,1.0,1.0,1.0,1.0,gnl|Prokka|KAGGKOGE_01683,-,-,-,GT2,1
gnl|Prokka|LGNBBEFE_00606,1.0,1.0,1.0,1.0,1.0,1.0,1.0,1.0,1.0,1.0,1.0,1.0,1.0,1.0,1.0,1.0,1.0,1.0,1.0,gnl|Prokka|LGNBBEFE_00606,-,-,-,GT51,1
gnl|Prokka|KIDIHNBK_03348,0.0,0.0,0.0,1.0,0.0,1.0,0.0,1.0,0.0,1.0,0.0,0.0,0.0,0.0,1.0,0.0,1.0,0.0,1.0,gnl|Prokka|KIDIHNBK_03348,-,-,-,GT2,1
gnl|Prokka|MKNIKEAA_01612,0.0,0.0,0.0,1.0,0.0,1.0,0.0,1.0,0.0,1.0,0.0,0.0,0.0,0.0,1.0,0.0,1.0,0.0,1.0,gnl|Prokka|MKNIKEAA_01612,-,-,-,GT2,1
gnl|Prokka|BNGDJCLN_01576,1.0,0.0,0.0,0.0,0.0,0.0,0.0,0.0,0.0,0.0,0.0,0.0,0.0,0.0,0.0,0.0,0.0,0.0,0.0,gnl|Prokka|BNGDJCLN_01576,-,-,-,GH23,1
gnl|Prokka|HCDLLMMA_00247,0.0,0.0,0.0,0.0,0.0,0.0,0.0,0.0,0.0,0.0,0.0,0.0,0.0,0.0,0.0,1.0,0.0,0.0,0.0,gnl|Prokka|HCDLLMMA_00247,-,-,-,GH58,1
gnl|Prokka|ICHPHMKM_00017,1.0,0.0,1.0,1.0,0.0,1.0,0.0,1.0,0.0,0.0,0.0,1.0,0.0,0.0,1.0,0.0,0.0,1.0,1.0,gnl|Prokka|ICHPHMKM_00017,-,-,-,GH1,1
gnl|Prokka|PLJPCPFJ_02778,1.0,1.0,1.0,1.0,1.0,1.0,1.0,1.0,1.0,1.0,1.0,1.0,0.0,1.0,1.0,1.0,1.0,1.0,1.0,gnl|Prokka|PLJPCPFJ_02778,-,-,-,GH13_23,1
gnl|Prokka|APDOGEMG_02081,1.0,1.0,1.0,1.0,1.0,1.0,1.0,1.0,1.0,1.0,0.0,0.0,0.0,0.0,1.0,0.0,1.0,0.0,1.0,gnl|Prokka|APDOGEMG_02081,-,-,-,GT30,1
gnl|Prokka|JDDPIIHO_02642,0.0,0.0,0.0,1.0,0.0,1.0,0.0,1.0,0.0,1.0,0.0,0.0,0.0,0.0,1.0,0.0,1.0,0.0,1.0,gnl|Prokka|JDDPIIHO_02642,-,-,-,GT22,1
gnl|Prokka|BNGDJCLN_04237,1.0,1.0,1.0,1.0,1.0,1.0,1.0,1.0,1.0,1.0,1.0,1.0,1.0,1.0,1.0,0.0,2.0,1.0,1.0,gnl|Prokka|BNGDJCLN_04237,-,-,-,GH2,1
gnl|Prokka|PLJPCPFJ_01869,0.0,0.0,0.0,0.0,0.0,0.0,0.0,0.0,1.0,0.0,0.0,0.0,0.0,0.0,0.0,0.0,0.0,0.0,0.0,gnl|Prokka|PLJPCPFJ_01869,-,-,-,CE0,1
gnl|Prokka|PJBPACPC_00120,1.0,1.0,1.0,1.0,1.0,0.0,1.0,2.0,1.0,1.0,1.0,1.0,1.0,1.0,1.0,1.0,1.0,1.0,1.0,gnl|Prokka|PJBPACPC_00120,-,-,-,GH13_3,1
gnl|Prokka|JCIDEFIG_04235,1.0,1.0,1.0,1.0,1.0,1.0,1.0,1.0,1.0,1.0,1.0,1.0,1.0,0.0,1.0,1.0,1.0,1.0,1.0,gnl|Prokka|JCIDEFIG_04235,-,-,-,CBM50,1
,,,,,,,,,,,,,,,,,,,,Gene ID,EC#,HMMER,dbCAN_sub,DIAMOND,#ofTools
gnl|Prokka|BNGDJCLN_03257,1.0,1.0,1.0,1.0,1.0,1.0,1.0,1.0,1.0,1.0,1.0,1.0,1.0,1.0,1.0,1.0,1.0,1.0,1.0,gnl|Prokka|BNGDJCLN_03257,2.4.1.-:18,GT56(1-352),GT56_e0,GT56,3
gnl|Prokka|COAKLHLB_00074,1.0,1.0,1.0,1.0,1.0,1.0,1.0,1.0,1.0,1.0,1.0,1.0,1.0,1.0,1.0,1.0,1.0,1.0,1.0,gnl|Prokka|COAKLHLB_00074,2.4.1.18:57|2.4.1.18:57|2.4.1.18:14,CBM48(124-211)+GH13_9(274-574),CBM48_e2+CBM48_e2+GH13_e200,CBM48+GH13_9,3
gnl|Prokka|COAKLHLB_00266,1.0,1.0,1.0,1.0,1.0,1.0,1.0,1.0,1.0,1.0,1.0,1.0,1.0,1.0,1.0,1.0,1.0,1.0,1.0,gnl|Prokka|COAKLHLB_00266,-,GT2(11-171),GT2,GT2,3
gnl|Prokka|COAKLHLB_04074,0.0,1.0,0.0,1.0,1.0,1.0,1.0,0.0,1.0,0.0,0.0,1.0,1.0,0.0,0.0,1.0,0.0,1.0,1.0,gnl|Prokka|COAKLHLB_04074,2.4.1.-:10|2.4.1.44:3|2.4.1.58:1,GT8(24-276),GT8_e147,GT8,3
gnl|Prokka|HCDLLMMA_01538,1.0,1.0,0.0,0.0,0.0,0.0,0.0,0.0,0.0,0.0,1.0,0.0,0.0,0.0,0.0,1.0,0.0,1.0,0.0,gnl|Prokka|HCDLLMMA_01538,-,GH31_2(238-681),GH31_e60,GH31,3
gnl|Prokka|HIPMDEKK_03518,1.0,1.0,1.0,1.0,2.0,1.0,1.0,1.0,1.0,1.0,1.0,1.0,2.0,1.0,1.0,1.0,1.0,1.0,1.0,gnl|Prokka|HIPMDEKK_03518,3.2.1.31:89,GH2(7-588),GH2_e29,GH2,3
gnl|Prokka|IAHBEFHN_02189,0.0,0.0,0.0,0.0,0.0,0.0,0.0,0.0,0.0,0.0,0.0,0.0,1.0,0.0,0.0,0.0,0.0,0.0,0.0,gnl|Prokka|IAHBEFHN_02189,4.2.2.6:3|4.2.2.6:3,PL22_1(1-75)+PL22(151-325),PL22_e0+PL22_e0,PL22_1,3
gnl|Prokka|JCIDEFIG_03136,1.0,0.0,1.0,0.0,0.0,0.0,0.0,0.0,1.0,1.0,0.0,0.0,0.0,0.0,0.0,0.0,0.0,1.0,1.0,gnl|Prokka|JCIDEFIG_03136,4.2.2.n1:8,GH104(6-160),GH104_e0,GH104,3
gnl|Prokka|KAGGKOGE_01297,0.0,0.0,0.0,0.0,0.0,0.0,0.0,0.0,0.0,1.0,0.0,0.0,0.0,0.0,0.0,0.0,0.0,0.0,0.0,gnl|Prokka|KAGGKOGE_01297,2.4.99.-:5,GT112(25-394),GT112_e0,GT112,3
gnl|Prokka|KAGGKOGE_01588,1.0,1.0,1.0,1.0,1.0,0.0,1.0,1.0,1.0,1.0,1.0,1.0,1.0,1.0,1.0,1.0,1.0,1.0,1.0,gnl|Prokka|KAGGKOGE_01588,-,CE1(21-273),CE1_e38,-,2
gnl|Prokka|KAGGKOGE_01711,0.0,0.0,0.0,0.0,0.0,0.0,0.0,0.0,0.0,1.0,0.0,0.0,0.0,0.0,0.0,0.0,0.0,0.0,0.0,gnl|Prokka|KAGGKOGE_01711,-|-,GT111(14-251)+GT8(287-551),GT111_e16+GT8_e174,GT111+GT8,3
gnl|Prokka|KAGGKOGE_03337,0.0,0.0,0.0,0.0,0.0,0.0,0.0,0.0,0.0,1.0,0.0,0.0,0.0,0.0,0.0,0.0,1.0,0.0,0.0,gnl|Prokka|KAGGKOGE_03337,2.4.1.-:1,GT4(176-321),GT4_e1207,GT4,3
gnl|Prokka|KIDIHNBK_02421,1.0,1.0,1.0,1.0,1.0,1.0,1.0,1.0,2.0,1.0,0.0,1.0,0.0,0.0,1.0,1.0,1.0,1.0,1.0,gnl|Prokka|KIDIHNBK_02421,-,GT9(170-317),GT9_e146,GT9,3
gnl|Prokka|KIDIHNBK_04190,0.0,0.0,0.0,0.0,0.0,0.0,0.0,0.0,0.0,0.0,0.0,0.0,0.0,0.0,0.0,0.0,1.0,0.0,0.0,gnl|Prokka|KIDIHNBK_04190,-,GT4(196-347),GT4_e1194,GT4,3
gnl|Prokka|LGNBBEFE_00321,0.0,0.0,0.0,0.0,1.0,0.0,0.0,0.0,0.0,0.0,0.0,0.0,0.0,0.0,0.0,0.0,0.0,0.0,0.0,gnl|Prokka|LGNBBEFE_00321,-,CBM69(38-161),CBM69_e1,CBM69,3
gnl|Prokka|LGNBBEFE_01743,1.0,1.0,1.0,1.0,1.0,1.0,1.0,0.0,1.0,1.0,1.0,0.0,1.0,1.0,1.0,1.0,1.0,1.0,1.0,gnl|Prokka|LGNBBEFE_01743,2.4.99.-:11,GT9(69-306),GT9_e84,GT9,3
gnl|Prokka|LKCJGGKA_01899,0.0,1.0,0.0,0.0,0.0,0.0,0.0,0.0,0.0,0.0,1.0,0.0,0.0,0.0,0.0,0.0,0.0,0.0,0.0,gnl|Prokka|LKCJGGKA_01899,-,GH177(2-265),GH109_e7,-,2
gnl|Prokka|PLJPCPFJ_02030,1.0,1.0,1.0,1.0,1.0,1.0,1.0,0.0,1.0,1.0,1.0,1.0,1.0,1.0,1.0,1.0,1.0,1.0,1.0,gnl|Prokka|PLJPCPFJ_02030,2.4.99.-:11,GT9(78-305),GT9_e0,GT9,3
gnl|Prokka|PLJPCPFJ_04475,1.0,1.0,1.0,1.0,1.0,1.0,1.0,1.0,1.0,1.0,1.0,1.0,0.0,1.0,0.0,1.0,1.0,1.0,1.0,gnl|Prokka|PLJPCPFJ_04475,-|-|-,GH23(55-198),GH23_e819+CBM50_e338+CBM50_e338,CBM50+GH23,3
gnl|Prokka|APDOGEMG_02084,0.0,0.0,1.0,0.0,0.0,0.0,0.0,0.0,0.0,0.0,0.0,0.0,0.0,0.0,0.0,0.0,0.0,0.0,0.0,gnl|Prokka|APDOGEMG_02084,-,-,GT2,GT2,2
gnl|Prokka|PJBPACPC_04363,0.0,0.0,0.0,1.0,0.0,0.0,0.0,0.0,0.0,0.0,0.0,0.0,0.0,0.0,0.0,0.0,0.0,0.0,0.0,gnl|Prokka|PJBPACPC_04363,-,-,GH23_e477,GH23,2
gnl|Prokka|JCIDEFIG_03366,0.0,0.0,0.0,0.0,0.0,0.0,0.0,0.0,0.0,0.0,0.0,0.0,0.0,0.0,0.0,0.0,0.0,1.0,0.0,gnl|Prokka|JCIDEFIG_03366,-,-,-,GH23,1
gnl|Prokka|BNGDJCLN_00045,1.0,0.0,0.0,0.0,0.0,0.0,0.0,0.0,0.0,0.0,0.0,0.0,0.0,0.0,0.0,0.0,0.0,0.0,0.0,gnl|Prokka|BNGDJCLN_00045,-,-,-,GH6,1
gnl|Prokka|PJBPACPC_00920,1.0,1.0,1.0,1.0,1.0,1.0,1.0,1.0,1.0,1.0,1.0,1.0,1.0,1.0,1.0,1.0,1.0,1.0,1.0,gnl|Prokka|PJBPACPC_00920,-,-,-,GT4,1
gnl|Prokka|KIDIHNBK_00760,1.0,1.0,1.0,1.0,0.0,1.0,1.0,1.0,1.0,1.0,1.0,1.0,1.0,1.0,1.0,1.0,1.0,1.0,1.0,gnl|Prokka|KIDIHNBK_00760,-,-,-,GT58,1
gnl|Prokka|JDDPIIHO_01170,1.0,1.0,1.0,1.0,1.0,1.0,1.0,1.0,1.0,1.0,2.0,1.0,1.0,1.0,1.0,0.0,1.0,1.0,1.0,gnl|Prokka|JDDPIIHO_01170,-,-,-,GH1,1
gnl|Prokka|HCDLLMMA_02819,1.0,1.0,0.0,1.0,1.0,1.0,1.0,1.0,1.0,1.0,1.0,1.0,1.0,0.0,2.0,1.0,1.0,1.0,1.0,gnl|Prokka|HCDLLMMA_02819,-,-,-,GH13_3,1
gnl|Prokka|LKCJGGKA_02861,0.0,0.0,0.0,0.0,0.0,0.0,0.0,0.0,0.0,0.0,1.0,0.0,0.0,0.0,0.0,0.0,0.0,0.0,0.0,gnl|Prokka|LKCJGGKA_02861,-,-,-,CE0,1
gnl|Prokka|JDDPIIHO_03575,1.0,1.0,1.0,0.0,1.0,1.0,2.0,1.0,1.0,0.0,1.0,1.0,1.0,1.0,0.0,1.0,0.0,1.0,1.0,gnl|Prokka|JDDPIIHO_03575,-,-,-,GH1,1
gnl|Prokka|HCDLLMMA_02748,1.0,1.0,1.0,1.0,0.0,1.0,1.0,1.0,1.0,1.0,1.0,1.0,1.0,1.0,1.0,1.0,1.0,1.0,1.0,gnl|Prokka|HCDLLMMA_02748,-,-,-,GH13,1
gnl|Prokka|LGNBBEFE_02897,0.0,0.0,0.0,0.0,1.0,0.0,0.0,0.0,0.0,0.0,0.0,0.0,0.0,0.0,0.0,0.0,0.0,0.0,0.0,gnl|Prokka|LGNBBEFE_02897,-,-,-,GH23,1
gnl|Prokka|APDOGEMG_01084,1.0,1.0,1.0,1.0,1.0,1.0,1.0,1.0,1.0,1.0,1.0,1.0,0.0,1.0,1.0,1.0,1.0,1.0,1.0,gnl|Prokka|APDOGEMG_01084,-,-,-,GH23,1
gnl|Prokka|PJBPACPC_04246,1.0,1.0,1.0,1.0,1.0,1.0,1.0,1.0,1.0,1.0,1.0,1.0,0.0,1.0,1.0,1.0,1.0,0.0,1.0,gnl|Prokka|PJBPACPC_04246,-,-,-,AA5_1,1
gnl|Prokka|KAGGKOGE_02401,1.0,1.0,1.0,1.0,1.0,1.0,1.0,1.0,1.0,1.0,1.0,1.0,1.0,1.0,1.0,1.0,1.0,1.0,1.0,gnl|Prokka|KAGGKOGE_02401,-,-,-,GH13,1
gnl|Prokka|KAGGKOGE_02926,1.0,1.0,1.0,1.0,0.0,1.0,1.0,1.0,1.0,1.0,1.0,1.0,1.0,1.0,1.0,1.0,1.0,1.0,1.0,gnl|Prokka|KAGGKOGE_02926,-,-,-,GH3,1
gnl|Prokka|BNGDJCLN_01793,1.0,0.0,1.0,1.0,1.0,1.0,1.0,1.0,1.0,1.0,1.0,1.0,1.0,1.0,0.0,1.0,1.0,1.0,1.0,gnl|Prokka|BNGDJCLN_01793,-,-,-,GT2,1
gnl|Prokka|LKCJGGKA_04117,1.0,1.0,1.0,1.0,1.0,1.0,1.0,1.0,1.0,1.0,1.0,1.0,1.0,1.0,1.0,1.0,1.0,1.0,1.0,gnl|Prokka|LKCJGGKA_04117,-,-,-,GH13_31,1
gnl|Prokka|IAHBEFHN_01116,1.0,1.0,1.0,1.0,1.0,1.0,1.0,1.0,1.0,1.0,1.0,1.0,1.0,1.0,1.0,1.0,1.0,1.0,1.0,gnl|Prokka|IAHBEFHN_01116,-,-,-,GT35,1
gnl|Prokka|HIPMDEKK_03651,1.0,1.0,1.0,1.0,1.0,1.0,1.0,1.0,1.0,1.0,1.0,1.0,1.0,1.0,1.0,1.0,1.0,1.0,1.0,gnl|Prokka|HIPMDEKK_03651,-,-,-,GH5_12,1
,,,,,,,,,,,,,,,,,,,,Gene ID,EC#,HMMER,dbCAN_sub,DIAMOND,#ofTools
gnl|Prokka|APDOGEMG_02090,0.0,0.0,1.0,0.0,0.0,0.0,0.0,0.0,0.0,0.0,0.0,0.0,0.0,0.0,0.0,0.0,0.0,0.0,0.0,gnl|Prokka|APDOGEMG_02090,-,GT2(11-143),GT2,GT2,3
gnl|Prokka|APDOGEMG_02452,0.0,0.0,1.0,0.0,0.0,0.0,0.0,0.0,0.0,0.0,0.0,0.0,0.0,0.0,0.0,0.0,0.0,0.0,0.0,gnl|Prokka|APDOGEMG_02452,3.2.1.17:1,GH19(17-189),GH19_e11,GH19,3
gnl|Prokka|APDOGEMG_03615,1.0,1.0,1.0,1.0,1.0,1.0,1.0,1.0,1.0,1.0,1.0,1.0,1.0,1.0,1.0,1.0,1.0,1.0,1.0,gnl|Prokka|APDOGEMG_03615,3.5.1.-:1,CE4(227-371),CE4_e2,CE4,3
gnl|Prokka|APDOGEMG_03844,1.0,1.0,1.0,1.0,1.0,1.0,1.0,0.0,2.0,1.0,2.0,1.0,1.0,1.0,1.0,1.0,1.0,1.0,1.0,gnl|Prokka|APDOGEMG_03844,2.4.1.12:6|2.4.1.-:1|2.4.1.12:6|2.4.1.-:1,GT2(276-446),GT2+GT2,GT2,3
gnl|Prokka|JDDPIIHO_00150,1.0,0.0,1.0,1.0,1.0,1.0,1.0,1.0,1.0,1.0,1.0,1.0,1.0,1.0,1.0,1.0,1.0,1.0,1.0,gnl|Prokka|JDDPIIHO_00150,-,AA3_2(2-532),AA3_e57,AA3_2,3
gnl|Prokka|LGNBBEFE_01348,0.0,0.0,0.0,0.0,1.0,0.0,0.0,0.0,0.0,0.0,0.0,0.0,0.0,0.0,0.0,0.0,0.0,0.0,0.0,gnl|Prokka|LGNBBEFE_01348,-,CE1(21-275),-,-,1
gnl|Prokka|LGNBBEFE_01746,0.0,1.0,0.0,1.0,1.0,1.0,1.0,0.0,0.0,0.0,0.0,1.0,0.0,0.0,1.0,0.0,0.0,0.0,1.0,gnl|Prokka|LGNBBEFE_01746,-,GT2(9-168),GT2,GT2,3
gnl|Prokka|LGNBBEFE_02703,0.0,0.0,0.0,0.0,1.0,0.0,0.0,0.0,0.0,0.0,0.0,0.0,0.0,0.0,0.0,0.0,0.0,0.0,0.0,gnl|Prokka|LGNBBEFE_02703,-,GT2(9-163),GT2,GT2,3
gnl|Prokka|LGNBBEFE_02951,1.0,1.0,1.0,1.0,1.0,1.0,1.0,1.0,1.0,1.0,1.0,0.0,1.0,1.0,1.0,1.0,1.0,1.0,1.0,gnl|Prokka|LGNBBEFE_02951,3.2.1.20:14|3.2.1.1:3|3.2.1.1:1|3.2.1.133:1|3.2.1.20:1,CBM34(6-112)+GH13_21(178-492),CBM34_e8+GH13_e88,CBM34+GH13_21,3
gnl|Prokka|LKCJGGKA_04149,1.0,1.0,1.0,1.0,1.0,1.0,1.0,1.0,1.0,1.0,1.0,1.0,2.0,1.0,1.0,1.0,1.0,1.0,1.0,gnl|Prokka|LKCJGGKA_04149,4.2.2.n1:8,GH102(150-257),GH102_e2,GH102,3
gnl|Prokka|MKNIKEAA_01244,0.0,0.0,0.0,0.0,0.0,0.0,0.0,1.0,0.0,0.0,0.0,0.0,0.0,0.0,0.0,1.0,0.0,0.0,1.0,gnl|Prokka|MKNIKEAA_01244,3.2.1.17:1,GH19(17-169),GH19_e11,GH19,3
gnl|Prokka|NGKABENH_03925,0.0,0.0,0.0,0.0,0.0,0.0,0.0,0.0,0.0,0.0,0.0,0.0,0.0,0.0,0.0,0.0,0.0,0.0,1.0,gnl|Prokka|NGKABENH_03925,-,GT2(18-128),GT2,GT2,3
gnl|Prokka|PLJPCPFJ_03649,0.0,0.0,0.0,0.0,0.0,0.0,0.0,0.0,1.0,0.0,0.0,0.0,0.0,0.0,0.0,0.0,0.0,0.0,0.0,gnl|Prokka|PLJPCPFJ_03649,-,GT4(192-330),GT4_e2464,GT4,3
gnl|Prokka|MKNIKEAA_02044,0.0,0.0,0.0,0.0,0.0,0.0,1.0,1.0,0.0,0.0,0.0,0.0,0.0,0.0,0.0,0.0,0.0,0.0,0.0,gnl|Prokka|MKNIKEAA_02044,-,-,GT2,GT2,2
gnl|Prokka|APDOGEMG_00415,0.0,1.0,1.0,1.0,2.0,1.0,1.0,1.0,1.0,0.0,0.0,1.0,0.0,0.0,1.0,1.0,1.0,1.0,1.0,gnl|Prokka|APDOGEMG_00415,-,-,-,CE4+GH153,1
gnl|Prokka|ICHPHMKM_00183,1.0,1.0,1.0,1.0,1.0,1.0,1.0,1.0,1.0,1.0,1.0,1.0,1.0,1.0,1.0,1.0,1.0,1.0,1.0,gnl|Prokka|ICHPHMKM_00183,-,-,-,CBM48+GH13_9,1
gnl|Prokka|JDDPIIHO_03903,0.0,0.0,0.0,0.0,0.0,1.0,0.0,0.0,0.0,0.0,0.0,0.0,0.0,0.0,0.0,0.0,0.0,0.0,0.0,gnl|Prokka|JDDPIIHO_03903,-,-,-,GH23,1
gnl|Prokka|NGKABENH_00950,0.0,0.0,0.0,0.0,0.0,0.0,0.0,0.0,0.0,0.0,0.0,0.0,0.0,0.0,0.0,0.0,0.0,0.0,1.0,gnl|Prokka|NGKABENH_00950,-,-,-,GT2,1
gnl|Prokka|APDOGEMG_02459,0.0,0.0,1.0,0.0,0.0,0.0,0.0,0.0,0.0,0.0,0.0,0.0,0.0,0.0,0.0,0.0,0.0,0.0,0.0,gnl|Prokka|APDOGEMG_02459,-,-,-,GH43,1
gnl|Prokka|IAHBEFHN_00563,1.0,1.0,1.0,1.0,1.0,1.0,1.0,1.0,1.0,1.0,1.0,1.0,1.0,1.0,1.0,1.0,1.0,1.0,1.0,gnl|Prokka|IAHBEFHN_00563,-,-,-,GH92,1
gnl|Prokka|APDOGEMG_03046,0.0,0.0,1.0,1.0,0.0,0.0,0.0,0.0,0.0,0.0,0.0,0.0,0.0,0.0,0.0,0.0,0.0,0.0,0.0,gnl|Prokka|APDOGEMG_03046,-,-,-,GT8,1
gnl|Prokka|KIDIHNBK_04184,1.0,1.0,1.0,1.0,1.0,1.0,1.0,1.0,1.0,1.0,0.0,0.0,0.0,0.0,1.0,1.0,1.0,0.0,1.0,gnl|Prokka|KIDIHNBK_04184,-,-,-,GT4,1
gnl|Prokka|JDDPIIHO_04219,0.0,0.0,0.0,1.0,0.0,1.0,0.0,1.0,0.0,0.0,0.0,0.0,0.0,0.0,1.0,0.0,0.0,0.0,1.0,gnl|Prokka|JDDPIIHO_04219,-,-,-,GH73,1
gnl|Prokka|APDOGEMG_00079,0.0,0.0,1.0,1.0,0.0,1.0,0.0,1.0,0.0,0.0,1.0,0.0,0.0,0.0,0.0,1.0,0.0,1.0,1.0,gnl|Prokka|APDOGEMG_00079,-,-,-,GH6,1
gnl|Prokka|JCIDEFIG_04330,0.0,0.0,0.0,0.0,0.0,0.0,0.0,0.0,0.0,0.0,0.0,0.0,0.0,0.0,0.0,0.0,0.0,1.0,0.0,gnl|Prokka|JCIDEFIG_04330,-,-,-,GH0,1
gnl|Prokka|APDOGEMG_01038,1.0,1.0,1.0,1.0,1.0,0.0,1.0,1.0,1.0,1.0,1.0,1.0,1.0,1.0,1.0,1.0,1.0,1.0,1.0,gnl|Prokka|APDOGEMG_01038,-,-,-,GH28,1
gnl|Prokka|COAKLHLB_03583,1.0,1.0,1.0,1.0,1.0,1.0,1.0,1.0,1.0,1.0,0.0,0.0,0.0,0.0,1.0,1.0,1.0,1.0,1.0,gnl|Prokka|COAKLHLB_03583,-,-,-,GT4,1
gnl|Prokka|MKNIKEAA_00369,1.0,1.0,1.0,1.0,1.0,1.0,1.0,1.0,1.0,1.0,0.0,1.0,1.0,1.0,1.0,1.0,1.0,1.0,1.0,gnl|Prokka|MKNIKEAA_00369,-,-,-,CE12,1
gnl|Prokka|IAHBEFHN_02742,1.0,0.0,0.0,0.0,0.0,0.0,0.0,0.0,0.0,0.0,0.0,0.0,1.0,0.0,0.0,0.0,0.0,0.0,0.0,gnl|Prokka|IAHBEFHN_02742,-,-,-,GH73,1
,,,,,,,,,,,,,,,,,,,,Gene ID,EC#,HMMER,dbCAN_sub,DIAMOND,#ofTools
gnl|Prokka|AKEAHCKB_04188,1.0,1.0,1.0,1.0,1.0,1.0,1.0,1.0,1.0,1.0,1.0,1.0,1.0,1.0,1.0,1.0,1.0,1.0,1.0,gnl|Prokka|AKEAHCKB_04188,3.2.1.-:3,GH73(160-295),GH73_e114,GH73,3
gnl|Prokka|APDOGEMG_01167,0.0,0.0,1.0,1.0,0.0,1.0,0.0,1.0,0.0,0.0,0.0,0.0,0.0,0.0,0.0,1.0,0.0,1.0,0.0,gnl|Prokka|APDOGEMG_01167,-,GH24(30-161),GH24_e283,GH24,3
gnl|Prokka|BNGDJCLN_03835,1.0,0.0,0.0,0.0,0.0,0.0,0.0,0.0,0.0,0.0,0.0,0.0,0.0,0.0,0.0,0.0,0.0,0.0,0.0,gnl|Prokka|BNGDJCLN_03835,-|-,GT2(8-133),GT2+GT2,GT2,3
gnl|Prokka|COAKLHLB_01895,1.0,1.0,1.0,1.0,1.0,1.0,1.0,1.0,1.0,1.0,1.0,0.0,1.0,1.0,1.0,1.0,1.0,1.0,1.0,gnl|Prokka|COAKLHLB_01895,3.2.1.28:18,GH37(56-531),GH37_e6,GH37,3
gnl|Prokka|COAKLHLB_04075,0.0,1.0,0.0,1.0,1.0,1.0,1.0,0.0,1.0,0.0,0.0,1.0,1.0,0.0,1.0,1.0,0.0,1.0,1.0,gnl|Prokka|COAKLHLB_04075,2.4.1.58:14,GT8(13-272),GT8_e183,GT8,3
gnl|Prokka|HCDLLMMA_00690,1.0,0.0,1.0,1.0,1.0,1.0,1.0,1.0,1.0,0.0,0.0,0.0,0.0,0.0,1.0,1.0,1.0,0.0,1.0,gnl|Prokka|HCDLLMMA_00690,-,GT4(225-369),GT4_e731,GT4,3
gnl|Prokka|HCDLLMMA_02517,1.0,1.0,1.0,1.0,1.0,1.0,1.0,0.0,1.0,1.0,1.0,1.0,1.0,1.0,1.0,1.0,1.0,1.0,1.0,gnl|Prokka|HCDLLMMA_02517,3.2.1.-:1|3.2.1.1:1,GH13_19(226-595),GH13_e62,GH13_19,3
gnl|Prokka|HCDLLMMA_02947,1.0,1.0,1.0,1.0,2.0,0.0,1.0,1.0,0.0,1.0,0.0,1.0,0.0,0.0,1.0,1.0,1.0,1.0,1.0,gnl|Prokka|HCDLLMMA_02947,-,GH179(25-345),GH109_e7,-,2
gnl|Prokka|HCDLLMMA_04237,1.0,1.0,1.0,1.0,1.0,1.0,1.0,1.0,1.0,1.0,1.0,1.0,1.0,1.0,1.0,1.0,1.0,1.0,1.0,gnl|Prokka|HCDLLMMA_04237,-,AA1(65-510),AA1_e20,-,2
gnl|Prokka|HIPMDEKK_03614,1.0,0.0,0.0,0.0,0.0,0.0,0.0,0.0,0.0,0.0,1.0,0.0,0.0,1.0,0.0,0.0,0.0,0.0,0.0,gnl|Prokka|HIPMDEKK_03614,2.4.1.58:5,GT8(26-277),GT8_e109,GT8,3
gnl|Prokka|IAHBEFHN_02447,1.0,1.0,1.0,1.0,1.0,1.0,1.0,1.0,1.0,1.0,1.0,1.0,1.0,1.0,1.0,1.0,1.0,1.0,1.0,gnl|Prokka|IAHBEFHN_02447,3.5.1.108:18,CE11(4-276),CE11_e22,CE11,3
gnl|Prokka|ICHPHMKM_01609,1.0,0.0,0.0,0.0,2.0,0.0,0.0,0.0,1.0,0.0,1.0,1.0,0.0,0.0,0.0,1.0,0.0,1.0,0.0,gnl|Prokka|ICHPHMKM_01609,-,GH13_27(230-588),GH13_e166,GH13,3
gnl|Prokka|ICHPHMKM_02977,1.0,0.0,1.0,1.0,1.0,1.0,0.0,2.0,0.0,0.0,1.0,1.0,1.0,1.0,1.0,1.0,0.0,1.0,1.0,gnl|Prokka|ICHPHMKM_02977,-,CE14(20-130),CE14_e27,-,2
gnl|Prokka|JDDPIIHO_03815,1.0,1.0,1.0,1.0,1.0,1.0,1.0,1.0,1.0,1.0,1.0,1.0,1.0,1.0,1.0,1.0,1.0,1.0,1.0,gnl|Prokka|JDDPIIHO_03815,2.4.1.227:11,GT28(185-341),GT28_e46,GT28,3
gnl|Prokka|KAGGKOGE_02632,1.0,1.0,1.0,1.0,1.0,1.0,1.0,1.0,1.0,1.0,1.0,1.0,1.0,1.0,1.0,1.0,1.0,1.0,1.0,gnl|Prokka|KAGGKOGE_02632,-,CE1(172-386),-,-,1
gnl|Prokka|LGNBBEFE_00324,0.0,0.0,0.0,0.0,1.0,0.0,0.0,0.0,0.0,0.0,0.0,0.0,0.0,0.0,0.0,0.0,0.0,0.0,0.0,gnl|Prokka|LGNBBEFE_00324,-,GH127(64-533),GH127_e1,-,2
gnl|Prokka|LGNBBEFE_02705,0.0,0.0,0.0,0.0,1.0,0.0,0.0,0.0,0.0,0.0,0.0,0.0,0.0,0.0,0.0,0.0,0.0,0.0,0.0,gnl|Prokka|LGNBBEFE_02705,-,GT2(1-128),GT2,GT2,3
gnl|Prokka|LGNBBEFE_03106,1.0,1.0,1.0,1.0,1.0,1.0,1.0,1.0,1.0,1.0,1.0,1.0,1.0,1.0,1.0,1.0,1.0,1.0,1.0,gnl|Prokka|LGNBBEFE_03106,3.2.1.22:13,GH4(6-186),GH4_e0,GH4,3
gnl|Prokka|NGKABENH_01240,1.0,1.0,1.0,1.0,1.0,1.0,1.0,1.0,1.0,1.0,1.0,1.0,1.0,1.0,1.0,1.0,1.0,1.0,1.0,gnl|Prokka|NGKABENH_01240,2.4.1.129:10,GT51(60-228),GT51_e0,GT51,3
gnl|Prokka|NKEMDPIE_01329,1.0,1.0,1.0,1.0,1.0,1.0,1.0,1.0,1.0,1.0,1.0,1.0,1.0,1.0,1.0,1.0,1.0,1.0,1.0,gnl|Prokka|NKEMDPIE_01329,-,AA6(3-194),AA6_e2,-,2
gnl|Prokka|KIDIHNBK_04186,0.0,0.0,0.0,0.0,0.0,0.0,0.0,0.0,0.0,0.0,0.0,0.0,0.0,0.0,0.0,0.0,1.0,0.0,0.0,gnl|Prokka|KIDIHNBK_04186,-|-,-,GT2+GT2,GT2,2
gnl|Prokka|LKCJGGKA_04217,1.0,1.0,1.0,1.0,1.0,1.0,1.0,1.0,1.0,1.0,1.0,1.0,1.0,1.0,1.0,1.0,1.0,1.0,1.0,gnl|Prokka|LKCJGGKA_04217,-,-,CBM50_e486,CBM50,2
gnl|Prokka|NGKABENH_00231,1.0,1.0,0.0,1.0,1.0,1.0,1.0,1.0,0.0,0.0,0.0,1.0,1.0,1.0,1.0,0.0,1.0,0.0,1.0,gnl|Prokka|NGKABENH_00231,3.2.1.14:10,-,GH18_e193,CBM5+GH18,2
gnl|Prokka|NKEMDPIE_00684,0.0,0.0,0.0,0.0,0.0,0.0,0.0,0.0,0.0,0.0,0.0,0.0,0.0,0.0,1.0,0.0,0.0,0.0,0.0,gnl|Prokka|NKEMDPIE_00684,-,-,GT4_e2962,GT4,2
gnl|Prokka|PJBPACPC_04512,0.0,0.0,0.0,1.0,0.0,0.0,0.0,0.0,0.0,0.0,0.0,0.0,0.0,0.0,0.0,0.0,0.0,0.0,0.0,gnl|Prokka|PJBPACPC_04512,-,-,GH23_e0,-,1
gnl|Prokka|IAHBEFHN_03944,0.0,0.0,0.0,0.0,0.0,0.0,0.0,0.0,0.0,0.0,0.0,0.0,1.0,0.0,0.0,0.0,0.0,0.0,0.0,gnl|Prokka|IAHBEFHN_03944,-,-,-,GT4,1
gnl|Prokka|LGNBBEFE_00604,1.0,1.0,1.0,1.0,1.0,1.0,1.0,1.0,1.0,1.0,1.0,1.0,1.0,0.0,1.0,1.0,1.0,1.0,1.0,gnl|Prokka|LGNBBEFE_00604,-,-,-,GT2,1
gnl|Prokka|COAKLHLB_01273,1.0,1.0,1.0,1.0,1.0,1.0,1.0,1.0,1.0,1.0,1.0,1.0,1.0,0.0,1.0,1.0,1.0,1.0,1.0,gnl|Prokka|COAKLHLB_01273,-,-,-,GT2,1
gnl|Prokka|KAGGKOGE_01432,1.0,1.0,1.0,1.0,1.0,1.0,1.0,1.0,1.0,1.0,2.0,1.0,1.0,1.0,1.0,1.0,1.0,1.0,1.0,gnl|Prokka|KAGGKOGE_01432,-,-,-,GH103,1
gnl|Prokka|JDDPIIHO_03356,0.0,0.0,0.0,0.0,0.0,1.0,0.0,0.0,0.0,0.0,0.0,0.0,0.0,0.0,0.0,0.0,0.0,0.0,1.0,gnl|Prokka|JDDPIIHO_03356,-,-,-,GT1,1
gnl|Prokka|ICHPHMKM_03115,0.0,1.0,1.0,0.0,2.0,0.0,0.0,0.0,1.0,0.0,0.0,2.0,0.0,1.0,0.0,2.0,0.0,1.0,0.0,gnl|Prokka|ICHPHMKM_03115,-,-,-,GH73,1
gnl|Prokka|JDDPIIHO_02997,2.0,1.0,2.0,2.0,0.0,2.0,1.0,2.0,1.0,2.0,1.0,2.0,2.0,1.0,2.0,2.0,1.0,2.0,2.0,gnl|Prokka|JDDPIIHO_02997,-,-,-,GH43_12,1
gnl|Prokka|KAGGKOGE_00093,1.0,1.0,1.0,1.0,1.0,1.0,1.0,1.0,1.0,1.0,1.0,1.0,1.0,1.0,1.0,1.0,1.0,1.0,1.0,gnl|Prokka|KAGGKOGE_00093,-,-,-,GH18,1
gnl|Prokka|PLJPCPFJ_03647,0.0,0.0,0.0,0.0,0.0,0.0,0.0,0.0,1.0,0.0,0.0,0.0,0.0,0.0,0.0,0.0,0.0,0.0,0.0,gnl|Prokka|PLJPCPFJ_03647,-,-,-,GT4,1
gnl|Prokka|HCDLLMMA_02646,0.0,1.0,0.0,0.0,0.0,0.0,0.0,0.0,0.0,0.0,1.0,0.0,0.0,0.0,0.0,1.0,0.0,0.0,0.0,gnl|Prokka|HCDLLMMA_02646,-,-,-,CE0,1
gnl|Prokka|PLJPCPFJ_01329,0.0,0.0,0.0,0.0,0.0,0.0,0.0,0.0,1.0,0.0,0.0,0.0,0.0,0.0,0.0,0.0,0.0,0.0,0.0,gnl|Prokka|PLJPCPFJ_01329,-,-,-,GT8,1
,,,,,,,,,,,,,,,,,,,,Gene ID,EC#,HMMER,dbCAN_sub,DIAMOND,#ofTools
gnl|Prokka|AKEAHCKB_01999,0.0,1.0,0.0,0.0,0.0,1.0,0.0,0.0,0.0,0.0,0.0,0.0,0.0,0.0,0.0,0.0,0.0,0.0,0.0,gnl|Prokka|AKEAHCKB_01999,3.2.1.129:9,GH58(213-661),GH58_e1,GH58,3
gnl|Prokka|AKEAHCKB_02266,0.0,1.0,1.0,1.0,1.0,1.0,1.0,1.0,1.0,0.0,0.0,1.0,0.0,0.0,1.0,1.0,1.0,1.0,1.0,gnl|Prokka|AKEAHCKB_02266,2.4.1.-:1,GT2(78-245),GT2,GT2,3
gnl|Prokka|BNGDJCLN_03836,1.0,0.0,0.0,0.0,0.0,0.0,0.0,0.0,0.0,0.0,0.0,0.0,0.0,0.0,0.0,0.0,0.0,0.0,0.0,gnl|Prokka|BNGDJCLN_03836,-,GT2(10-145),GT2,GT2,3
gnl|Prokka|COAKLHLB_03061,1.0,1.0,1.0,1.0,1.0,1.0,1.0,1.0,1.0,1.0,1.0,1.0,1.0,1.0,1.0,1.0,1.0,1.0,1.0,gnl|Prokka|COAKLHLB_03061,3.2.1.52:16,GH3(56-278),GH3_e19,GH3,3
gnl|Prokka|HCDLLMMA_02532,1.0,2.0,0.0,0.0,1.0,0.0,0.0,0.0,1.0,0.0,1.0,0.0,1.0,0.0,0.0,1.0,1.0,0.0,0.0,gnl|Prokka|HCDLLMMA_02532,3.2.1.185:2,GH127(12-560),GH127_e0,GH127,3
gnl|Prokka|JCIDEFIG_01750,0.0,0.0,0.0,0.0,0.0,0.0,0.0,0.0,0.0,0.0,0.0,0.0,0.0,0.0,0.0,0.0,0.0,1.0,0.0,gnl|Prokka|JCIDEFIG_01750,-,GT2(5-140),GT2,GT2,3
gnl|Prokka|JDDPIIHO_00744,0.0,1.0,0.0,1.0,1.0,1.0,0.0,0.0,0.0,0.0,0.0,0.0,0.0,0.0,0.0,1.0,1.0,0.0,1.0,gnl|Prokka|JDDPIIHO_00744,4.2.2.n1:8,GH104(4-149),GH104_e0,GH104,3
gnl|Prokka|JDDPIIHO_00833,1.0,1.0,1.0,1.0,1.0,1.0,1.0,0.0,1.0,1.0,1.0,1.0,1.0,1.0,1.0,1.0,1.0,1.0,1.0,gnl|Prokka|JDDPIIHO_00833,-,GT2(9-137),GT2,GT2,3
gnl|Prokka|KAGGKOGE_03338,0.0,0.0,0.0,0.0,0.0,0.0,0.0,0.0,0.0,1.0,0.0,0.0,0.0,0.0,0.0,0.0,1.0,0.0,0.0,gnl|Prokka|KAGGKOGE_03338,2.4.1.-:10|2.4.1.44:3|2.4.1.58:1,GT8(30-276),GT8_e147,GT8,3
gnl|Prokka|KAGGKOGE_03341,0.0,0.0,0.0,0.0,0.0,0.0,0.0,0.0,0.0,1.0,0.0,0.0,0.0,0.0,0.0,0.0,1.0,0.0,0.0,gnl|Prokka|KAGGKOGE_03341,2.4.99.-:10,GT73(18-256),GT73_e2,GT73,3
gnl|Prokka|KIDIHNBK_00430,0.0,0.0,0.0,0.0,0.0,0.0,0.0,0.0,0.0,0.0,0.0,0.0,1.0,0.0,0.0,0.0,1.0,0.0,0.0,gnl|Prokka|KIDIHNBK_00430,3.2.1.177:1,GH31_4(216-669),GH31_e0,GH31,3
gnl|Prokka|KIDIHNBK_02120,1.0,0.0,0.0,1.0,0.0,0.0,1.0,0.0,0.0,0.0,1.0,0.0,0.0,0.0,0.0,0.0,1.0,0.0,0.0,gnl|Prokka|KIDIHNBK_02120,-|-,GT2(18-132),GT2+GT25_e165,GT2+GT25,3
gnl|Prokka|KIDIHNBK_03667,1.0,1.0,1.0,1.0,1.0,1.0,1.0,1.0,1.0,1.0,1.0,1.0,1.0,0.0,1.0,1.0,1.0,1.0,1.0,gnl|Prokka|KIDIHNBK_03667,3.2.1.93:2,GH13_29(29-371),GH13_e1,GH13_29,3
gnl|Prokka|LGNBBEFE_00325,0.0,0.0,0.0,0.0,1.0,0.0,0.0,0.0,0.0,0.0,0.0,0.0,0.0,1.0,0.0,0.0,0.0,0.0,0.0,gnl|Prokka|LGNBBEFE_00325,-,GH38(250-506),GH38_e25,GH38,3
gnl|Prokka|LGNBBEFE_02460,1.0,1.0,1.0,1.0,1.0,0.0,1.0,1.0,0.0,1.0,0.0,1.0,1.0,1.0,1.0,0.0,1.0,0.0,1.0,gnl|Prokka|LGNBBEFE_02460,3.1.1.73:1|3.2.1.55:1|3.2.1.8:1|-,CE1(150-384),CBM48_e68+CE1_e22,-,2
gnl|Prokka|MKNIKEAA_03524,0.0,0.0,0.0,0.0,0.0,0.0,0.0,1.0,0.0,0.0,0.0,0.0,0.0,0.0,0.0,0.0,0.0,0.0,0.0,gnl|Prokka|MKNIKEAA_03524,2.4.1.18:57|2.4.1.18:14,CBM48(22-105)+GH13_9(178-464),CBM48_e2+GH13_e200,CBM48+GH13_9,3
gnl|Prokka|NKEMDPIE_00847,1.0,1.0,1.0,1.0,1.0,1.0,1.0,1.0,1.0,1.0,1.0,1.0,1.0,1.0,1.0,1.0,1.0,1.0,1.0,gnl|Prokka|NKEMDPIE_00847,4.2.2.n1:10,GH103(98-390),GH103_e0,GH103,3
gnl|Prokka|NKEMDPIE_01109,1.0,1.0,1.0,1.0,1.0,1.0,1.0,1.0,1.0,1.0,1.0,1.0,1.0,1.0,1.0,1.0,1.0,1.0,1.0,gnl|Prokka|NKEMDPIE_01109,2.4.1.25:11,GH77(148-685),GH77_e27,GH77,3
gnl|Prokka|NKEMDPIE_02176,1.0,1.0,1.0,1.0,1.0,1.0,1.0,1.0,1.0,1.0,1.0,1.0,1.0,1.0,1.0,1.0,1.0,1.0,1.0,gnl|Prokka|NKEMDPIE_02176,2.4.2.43:13,GT83(3-521),GT83_e0,GT83,3
gnl|Prokka|NKEMDPIE_04040,0.0,0.0,0.0,1.0,0.0,1.0,0.0,1.0,0.0,1.0,0.0,0.0,0.0,0.0,1.0,0.0,1.0,0.0,1.0,gnl|Prokka|NKEMDPIE_04040,-,AA6(4-179),AA6_e5,-,2
gnl|Prokka|PJBPACPC_01774,0.0,0.0,0.0,1.0,0.0,0.0,0.0,0.0,0.0,0.0,0.0,0.0,0.0,0.0,0.0,0.0,0.0,0.0,0.0,gnl|Prokka|PJBPACPC_01774,2.4.1.-:1,GT26(44-206),GT26_e20,GT26,3
gnl|Prokka|PLJPCPFJ_03651,0.0,0.0,0.0,0.0,0.0,0.0,0.0,0.0,1.0,0.0,0.0,0.0,0.0,0.0,0.0,0.0,0.0,0.0,0.0,gnl|Prokka|PLJPCPFJ_03651,-,GT4(192-339),GT4_e445,GT4,3
gnl|Prokka|COAKLHLB_03584,1.0,1.0,1.0,1.0,1.0,1.0,1.0,1.0,1.0,1.0,0.0,0.0,0.0,0.0,1.0,1.0,1.0,1.0,1.0,gnl|Prokka|COAKLHLB_03584,-,-,GT4_e2254,GT4,2
gnl|Prokka|HCDLLMMA_02434,1.0,0.0,0.0,0.0,0.0,0.0,0.0,0.0,0.0,0.0,0.0,0.0,0.0,0.0,0.0,1.0,0.0,0.0,0.0,gnl|Prokka|HCDLLMMA_02434,-,-,GH23_e671,GH23,2
gnl|Prokka|JCIDEFIG_03377,0.0,0.0,0.0,0.0,0.0,0.0,0.0,0.0,0.0,0.0,0.0,0.0,0.0,0.0,0.0,0.0,0.0,1.0,0.0,gnl|Prokka|JCIDEFIG_03377,-,-,GH23_e191,GH23,2
gnl|Prokka|PLJPCPFJ_04095,1.0,0.0,1.0,0.0,0.0,0.0,0.0,0.0,1.0,0.0,1.0,1.0,0.0,1.0,0.0,1.0,0.0,1.0,0.0,gnl|Prokka|PLJPCPFJ_04095,-,-,GH23_e259,-,1
gnl|Prokka|LGNBBEFE_04018,1.0,1.0,1.0,1.0,1.0,1.0,1.0,1.0,1.0,1.0,1.0,1.0,1.0,1.0,1.0,1.0,1.0,1.0,1.0,gnl|Prokka|LGNBBEFE_04018,-,-,-,GH1,1
gnl|Prokka|PJBPACPC_03503,1.0,1.0,1.0,1.0,1.0,1.0,1.0,1.0,1.0,1.0,1.0,0.0,1.0,1.0,1.0,1.0,1.0,1.0,1.0,gnl|Prokka|PJBPACPC_03503,-,-,-,GH39,1
gnl|Prokka|HCDLLMMA_02059,1.0,1.0,1.0,1.0,1.0,1.0,1.0,1.0,1.0,1.0,1.0,1.0,1.0,1.0,1.0,1.0,1.0,1.0,1.0,gnl|Prokka|HCDLLMMA_02059,-,-,-,GH2,1
gnl|Prokka|LGNBBEFE_02751,1.0,1.0,1.0,1.0,1.0,1.0,1.0,1.0,1.0,1.0,2.0,1.0,1.0,1.0,1.0,1.0,1.0,1.0,1.0,gnl|Prokka|LGNBBEFE_02751,-,-,-,GT4,1
gnl|Prokka|HIPMDEKK_02483,1.0,1.0,1.0,1.0,1.0,1.0,1.0,1.0,1.0,1.0,1.0,1.0,1.0,1.0,1.0,1.0,1.0,1.0,1.0,gnl|Prokka|HIPMDEKK_02483,-,-,-,GT0,1
gnl|Prokka|NGKABENH_03919,1.0,0.0,1.0,0.0,1.0,1.0,0.0,0.0,0.0,0.0,0.0,0.0,0.0,0.0,1.0,0.0,1.0,1.0,1.0,gnl|Prokka|NGKABENH_03919,-,-,-,GT2,1
gnl|Prokka|IAHBEFHN_03654,1.0,1.0,1.0,1.0,1.0,1.0,1.0,1.0,1.0,1.0,1.0,1.0,1.0,1.0,1.0,1.0,1.0,1.0,1.0,gnl|Prokka|IAHBEFHN_03654,-,-,-,CBM50,1
gnl|Prokka|JDDPIIHO_03816,1.0,1.0,1.0,1.0,1.0,1.0,1.0,1.0,1.0,1.0,1.0,1.0,1.0,1.0,1.0,1.0,1.0,1.0,1.0,gnl|Prokka|JDDPIIHO_03816,-,-,-,GT28,1
gnl|Prokka|AKEAHCKB_00410,1.0,1.0,1.0,1.0,1.0,1.0,1.0,1.0,1.0,1.0,1.0,1.0,1.0,1.0,1.0,1.0,1.0,1.0,1.0,gnl|Prokka|AKEAHCKB_00410,-,-,-,GH23,1
gnl|Prokka|JDDPIIHO_02450,1.0,1.0,1.0,1.0,1.0,1.0,1.0,1.0,1.0,1.0,1.0,1.0,1.0,1.0,1.0,1.0,1.0,0.0,1.0,gnl|Prokka|JDDPIIHO_02450,-,-,-,GH1,1
,,,,,,,,,,,,,,,,,,,,Gene ID,EC#,HMMER,dbCAN_sub,DIAMOND,#ofTools
gnl|Prokka|AKEAHCKB_03767,0.0,1.0,0.0,0.0,0.0,0.0,0.0,0.0,0.0,0.0,0.0,0.0,0.0,0.0,0.0,0.0,0.0,0.0,0.0,gnl|Prokka|AKEAHCKB_03767,-,GH23(48-170),GH23_e85,GH23,3
gnl|Prokka|AKEAHCKB_03869,1.0,1.0,1.0,1.0,1.0,1.0,0.0,1.0,1.0,1.0,0.0,1.0,1.0,1.0,1.0,1.0,1.0,1.0,1.0,gnl|Prokka|AKEAHCKB_03869,-,AA7(53-241),-,-,1
gnl|Prokka|APDOGEMG_00188,1.0,1.0,1.0,1.0,1.0,1.0,1.0,1.0,1.0,1.0,1.0,1.0,1.0,1.0,1.0,1.0,1.0,1.0,1.0,gnl|Prokka|APDOGEMG_00188,3.2.1.68:75|2.4.1.25:4|3.2.1.-:1|3.2.1.68:15|3.2.1.-:1,CBM48(10-100)+GH13_11(173-521),CBM48_e3+GH13_e48,CBM48+GH13_11,3
gnl|Prokka|BNGDJCLN_02693,1.0,0.0,0.0,0.0,0.0,0.0,0.0,0.0,0.0,0.0,1.0,0.0,0.0,1.0,0.0,0.0,0.0,0.0,0.0,gnl|Prokka|BNGDJCLN_02693,-,GT4(187-348),GT4_e21,GT4,3
gnl|Prokka|COAKLHLB_03571,0.0,0.0,0.0,0.0,0.0,0.0,1.0,1.0,0.0,0.0,0.0,0.0,0.0,0.0,0.0,0.0,0.0,0.0,0.0,gnl|Prokka|COAKLHLB_03571,-,GT25(9-179),GT25_e121,GT25,3
gnl|Prokka|HCDLLMMA_00301,0.0,0.0,0.0,0.0,0.0,0.0,0.0,0.0,0.0,0.0,0.0,0.0,0.0,0.0,0.0,1.0,0.0,0.0,0.0,gnl|Prokka|HCDLLMMA_00301,-,GT4(178-325),GT4_e3144,GT4,3
gnl|Prokka|HCDLLMMA_03464,1.0,3.0,1.0,1.0,0.0,0.0,1.0,1.0,0.0,0.0,2.0,0.0,0.0,0.0,0.0,2.0,0.0,2.0,0.0,gnl|Prokka|HCDLLMMA_03464,-,GH24(27-167),GH24_e98,GH24,3
gnl|Prokka|KIDIHNBK_03893,1.0,1.0,1.0,1.0,1.0,1.0,1.0,1.0,1.0,1.0,1.0,1.0,1.0,1.0,1.0,1.0,1.0,1.0,1.0,gnl|Prokka|KIDIHNBK_03893,2.4.1.1:158,GT35(92-795),GT35_e0,GT35,3
gnl|Prokka|LGNBBEFE_00432,0.0,0.0,0.0,0.0,1.0,0.0,0.0,0.0,0.0,0.0,0.0,0.0,0.0,0.0,0.0,0.0,0.0,0.0,0.0,gnl|Prokka|LGNBBEFE_00432,3.2.1.26:16,GH32(31-336),GH32_e57,GH32,3
gnl|Prokka|LGNBBEFE_01882,1.0,1.0,1.0,0.0,1.0,0.0,1.0,1.0,1.0,1.0,2.0,0.0,0.0,0.0,0.0,1.0,0.0,1.0,0.0,gnl|Prokka|LGNBBEFE_01882,3.2.1.199:9,GH31_13(229-666),GH31_e85,GH31,3
gnl|Prokka|LGNBBEFE_02706,0.0,0.0,0.0,0.0,1.0,0.0,0.0,0.0,0.0,0.0,0.0,0.0,0.0,0.0,0.0,0.0,0.0,0.0,0.0,gnl|Prokka|LGNBBEFE_02706,-,GT2(7-167),GT2,GT2,3
gnl|Prokka|NGKABENH_03927,0.0,0.0,0.0,0.0,0.0,0.0,0.0,0.0,0.0,0.0,0.0,0.0,0.0,0.0,0.0,0.0,0.0,0.0,1.0,gnl|Prokka|NGKABENH_03927,-,GT4(188-324),GT4_e3346,GT4,3
gnl|Prokka|PLJPCPFJ_02359,1.0,1.0,1.0,1.0,1.0,1.0,1.0,1.0,1.0,1.0,1.0,1.0,1.0,1.0,1.0,1.0,1.0,1.0,1.0,gnl|Prokka|PLJPCPFJ_02359,3.2.1.86:16,GH4(6-185),GH4_e24,GH4,3
gnl|Prokka|PLJPCPFJ_03980,0.0,0.0,0.0,0.0,0.0,0.0,0.0,0.0,1.0,0.0,0.0,0.0,0.0,0.0,0.0,0.0,0.0,0.0,0.0,gnl|Prokka|PLJPCPFJ_03980,-,CE1(193-412),-,-,1
gnl|Prokka|PLJPCPFJ_04354,0.0,0.0,0.0,0.0,0.0,0.0,0.0,0.0,1.0,0.0,0.0,0.0,0.0,0.0,0.0,0.0,0.0,0.0,0.0,gnl|Prokka|PLJPCPFJ_04354,-,GH154(65-398),GH154_e9,GH154,3
gnl|Prokka|JCIDEFIG_00164,1.0,1.0,1.0,1.0,1.0,1.0,1.0,1.0,1.0,1.0,0.0,0.0,0.0,1.0,1.0,1.0,1.0,1.0,1.0,gnl|Prokka|JCIDEFIG_00164,-,-,GT2,GT2,2
gnl|Prokka|LGNBBEFE_00571,1.0,1.0,1.0,1.0,1.0,1.0,1.0,1.0,1.0,1.0,1.0,1.0,1.0,1.0,1.0,1.0,1.0,1.0,1.0,gnl|Prokka|LGNBBEFE_00571,-,-,-,CBM50+GH25,1
gnl|Prokka|NGKABENH_00756,1.0,1.0,1.0,1.0,1.0,1.0,1.0,1.0,1.0,1.0,1.0,1.0,1.0,1.0,1.0,1.0,1.0,1.0,1.0,gnl|Prokka|NGKABENH_00756,-,-,-,GT1,1
gnl|Prokka|ICHPHMKM_02235,1.0,1.0,1.0,1.0,1.0,1.0,1.0,1.0,1.0,1.0,1.0,1.0,1.0,0.0,1.0,1.0,1.0,1.0,1.0,gnl|Prokka|ICHPHMKM_02235,-,-,-,GH13_29,1
gnl|Prokka|IAHBEFHN_00091,0.0,0.0,0.0,0.0,0.0,0.0,0.0,0.0,0.0,0.0,0.0,0.0,1.0,0.0,0.0,0.0,0.0,0.0,0.0,gnl|Prokka|IAHBEFHN_00091,-,-,-,GT4,1
gnl|Prokka|NGKABENH_03782,1.0,1.0,1.0,1.0,1.0,1.0,1.0,1.0,1.0,1.0,1.0,1.0,1.0,1.0,1.0,1.0,1.0,1.0,1.0,gnl|Prokka|NGKABENH_03782,-,-,-,GH23,1
gnl|Prokka|BNGDJCLN_00360,1.0,1.0,1.0,1.0,1.0,1.0,1.0,1.0,1.0,1.0,1.0,1.0,1.0,1.0,1.0,1.0,1.0,1.0,1.0,gnl|Prokka|BNGDJCLN_00360,-,-,-,GH13_3,1
gnl|Prokka|MKNIKEAA_04506,1.0,1.0,1.0,1.0,1.0,1.0,1.0,1.0,1.0,1.0,1.0,1.0,1.0,1.0,1.0,1.0,1.0,0.0,1.0,gnl|Prokka|MKNIKEAA_04506,-,-,-,GH13_30,1
gnl|Prokka|COAKLHLB_00154,0.0,0.0,0.0,0.0,0.0,0.0,1.0,0.0,0.0,0.0,0.0,0.0,0.0,0.0,0.0,0.0,0.0,0.0,0.0,gnl|Prokka|COAKLHLB_00154,-,-,-,GH23,1
gnl|Prokka|NGKABENH_00944,0.0,0.0,0.0,0.0,0.0,1.0,0.0,0.0,0.0,0.0,0.0,0.0,0.0,0.0,0.0,0.0,0.0,0.0,1.0,gnl|Prokka|NGKABENH_00944,-,-,-,GT2,1
gnl|Prokka|KAGGKOGE_01712,0.0,0.0,0.0,0.0,0.0,0.0,0.0,0.0,0.0,1.0,0.0,0.0,0.0,0.0,0.0,0.0,0.0,0.0,0.0,gnl|Prokka|KAGGKOGE_01712,-,-,-,GT4,1
gnl|Prokka|BNGDJCLN_03980,1.0,1.0,1.0,1.0,1.0,1.0,1.0,1.0,1.0,1.0,1.0,1.0,1.0,1.0,1.0,1.0,1.0,1.0,1.0,gnl|Prokka|BNGDJCLN_03980,-,-,-,GT83,1
gnl|Prokka|IAHBEFHN_01508,1.0,1.0,1.0,1.0,1.0,0.0,1.0,1.0,1.0,1.0,1.0,1.0,1.0,1.0,1.0,1.0,1.0,1.0,1.0,gnl|Prokka|IAHBEFHN_01508,-,-,-,GH13_31,1
gnl|Prokka|BNGDJCLN_00485,1.0,1.0,1.0,1.0,1.0,1.0,1.0,1.0,1.0,1.0,1.0,1.0,1.0,1.0,1.0,1.0,1.0,1.0,1.0,gnl|Prokka|BNGDJCLN_00485,-,-,-,GH23,1
,,,,,,,,,,,,,,,,,,,,Gene ID,EC#,HMMER,dbCAN_sub,DIAMOND,#ofTools
gnl|Prokka|APDOGEMG_02456,0.0,0.0,1.0,0.0,0.0,0.0,0.0,0.0,0.0,0.0,0.0,0.0,0.0,0.0,0.0,0.0,0.0,0.0,0.0,gnl|Prokka|APDOGEMG_02456,-,GT2(4-166),GT2,GT2,3
gnl|Prokka|BNGDJCLN_03838,1.0,0.0,0.0,0.0,0.0,0.0,0.0,0.0,0.0,0.0,0.0,0.0,0.0,0.0,0.0,0.0,0.0,0.0,0.0,gnl|Prokka|BNGDJCLN_03838,-,GT4(187-294),GT4_e3628,GT4,3
gnl|Prokka|COAKLHLB_00174,0.0,0.0,0.0,0.0,0.0,0.0,1.0,0.0,0.0,0.0,0.0,0.0,0.0,0.0,0.0,0.0,0.0,0.0,0.0,gnl|Prokka|COAKLHLB_00174,-,GH24(26-168),GH24_e98,GH24,3
gnl|Prokka|COAKLHLB_02537,1.0,1.0,1.0,1.0,1.0,1.0,1.0,1.0,1.0,1.0,1.0,1.0,1.0,1.0,1.0,1.0,1.0,1.0,1.0,gnl|Prokka|COAKLHLB_02537,4.2.2.n1:1,GH23(299-448),GH23_e225,GH23,3
gnl|Prokka|IAHBEFHN_01573,1.0,1.0,1.0,1.0,1.0,1.0,1.0,1.0,1.0,1.0,1.0,1.0,1.0,1.0,1.0,1.0,1.0,1.0,1.0,gnl|Prokka|IAHBEFHN_01573,3.2.1.23:41,GH2(26-886),GH2_e92,GH2,3
gnl|Prokka|IAHBEFHN_03753,0.0,0.0,0.0,0.0,1.0,1.0,0.0,0.0,2.0,1.0,0.0,0.0,1.0,0.0,1.0,0.0,0.0,0.0,1.0,gnl|Prokka|IAHBEFHN_03753,3.2.1.17:8,GH24(34-156),GH24_e32,GH24,3
gnl|Prokka|IAHBEFHN_03783,1.0,1.0,1.0,1.0,0.0,1.0,1.0,1.0,1.0,1.0,1.0,1.0,1.0,1.0,1.0,1.0,1.0,0.0,1.0,gnl|Prokka|IAHBEFHN_03783,-,CE8(90-420),CE8_e3,CE8,3
gnl|Prokka|ICHPHMKM_02014,1.0,1.0,1.0,1.0,1.0,1.0,1.0,0.0,1.0,1.0,1.0,1.0,1.0,1.0,1.0,1.0,1.0,1.0,1.0,gnl|Prokka|ICHPHMKM_02014,2.4.1.-:2,GT4(189-345),GT4_e1251,GT4,3
gnl|Prokka|JDDPIIHO_01232,0.0,1.0,0.0,0.0,0.0,1.0,0.0,0.0,0.0,0.0,0.0,0.0,0.0,0.0,0.0,0.0,0.0,0.0,1.0,gnl|Prokka|JDDPIIHO_01232,2.4.99.-:7,GT38(7-403),GT38_e0,GT38,3
gnl|Prokka|JDDPIIHO_01889,0.0,0.0,0.0,0.0,0.0,1.0,0.0,0.0,0.0,0.0,0.0,0.0,0.0,0.0,0.0,0.0,0.0,0.0,0.0,gnl|Prokka|JDDPIIHO_01889,-,GT2(8-83),GT2,-,2
gnl|Prokka|JDDPIIHO_03123,1.0,1.0,1.0,1.0,1.0,1.0,1.0,1.0,1.0,1.0,1.0,0.0,1.0,1.0,1.0,1.0,1.0,2.0,1.0,gnl|Prokka|JDDPIIHO_03123,2.4.1.1:158,GT35(101-810),GT35_e0,GT35,3
gnl|Prokka|JDDPIIHO_03574,1.0,1.0,1.0,0.0,1.0,1.0,1.0,1.0,1.0,0.0,1.0,1.0,0.0,1.0,0.0,1.0,0.0,1.0,1.0,gnl|Prokka|JDDPIIHO_03574,3.2.1.86:49|3.2.1.21:4|3.2.1.37:1,GH1(3-470),GH1_e85,GH1,3
gnl|Prokka|KAGGKOGE_01698,0.0,0.0,0.0,0.0,0.0,0.0,0.0,0.0,0.0,1.0,0.0,0.0,0.0,0.0,0.0,0.0,0.0,0.0,0.0,gnl|Prokka|KAGGKOGE_01698,-,GT2(11-163),GT2,GT2,3
gnl|Prokka|KAGGKOGE_02306,1.0,1.0,1.0,1.0,1.0,1.0,1.0,1.0,1.0,1.0,1.0,1.0,1.0,1.0,1.0,1.0,1.0,1.0,1.0,gnl|Prokka|KAGGKOGE_02306,-,GT2(236-418),GT2,GT2,3
gnl|Prokka|LKCJGGKA_01402,1.0,1.0,1.0,1.0,1.0,1.0,1.0,1.0,1.0,1.0,1.0,1.0,1.0,1.0,1.0,1.0,1.0,1.0,1.0,gnl|Prokka|LKCJGGKA_01402,3.2.1.23:41,GH2(40-915),GH2_e92,GH2,3
gnl|Prokka|LKCJGGKA_02753,1.0,0.0,1.0,1.0,1.0,1.0,1.0,0.0,1.0,1.0,1.0,1.0,1.0,1.0,1.0,1.0,1.0,0.0,1.0,gnl|Prokka|LKCJGGKA_02753,3.2.1.4:20|3.2.1.6:1,GH8(25-343),GH8_e0,GH8,3
gnl|Prokka|LKCJGGKA_02846,1.0,0.0,1.0,1.0,0.0,1.0,1.0,1.0,1.0,1.0,1.0,1.0,1.0,2.0,2.0,1.0,1.0,1.0,1.0,gnl|Prokka|LKCJGGKA_02846,-,GT2(165-382),-,GT0,2
gnl|Prokka|MKNIKEAA_00764,1.0,1.0,1.0,1.0,2.0,1.0,1.0,1.0,0.0,1.0,0.0,1.0,1.0,2.0,1.0,1.0,1.0,1.0,1.0,gnl|Prokka|MKNIKEAA_00764,2.4.1.352:2,GH13_18(90-432),GH13_e137,GH13_18,3
gnl|Prokka|NGKABENH_03926,0.0,0.0,0.0,0.0,0.0,0.0,0.0,0.0,0.0,0.0,0.0,0.0,0.0,0.0,0.0,0.0,0.0,0.0,1.0,gnl|Prokka|NGKABENH_03926,-,GT2(3-104),GT2,GT2,3
gnl|Prokka|NGKABENH_03928,0.0,0.0,0.0,0.0,0.0,0.0,0.0,0.0,0.0,0.0,0.0,0.0,0.0,0.0,0.0,0.0,0.0,0.0,1.0,gnl|Prokka|NGKABENH_03928,-,GT4(198-336),GT4_e3152,GT4,3
gnl|Prokka|PJBPACPC_01777,0.0,0.0,0.0,1.0,0.0,0.0,0.0,0.0,0.0,0.0,0.0,0.0,0.0,0.0,0.0,0.0,0.0,0.0,0.0,gnl|Prokka|PJBPACPC_01777,-,GT2(6-143),GT2,GT2,3
gnl|Prokka|PJBPACPC_02814,0.0,0.0,0.0,1.0,0.0,0.0,0.0,0.0,0.0,1.0,0.0,0.0,0.0,0.0,0.0,0.0,1.0,0.0,0.0,gnl|Prokka|PJBPACPC_02814,3.2.1.26:16,GH32(29-334),GH32_e57,GH32,3
gnl|Prokka|PJBPACPC_03045,1.0,1.0,1.0,1.0,1.0,1.0,1.0,0.0,1.0,1.0,1.0,1.0,1.0,1.0,1.0,1.0,1.0,1.0,1.0,gnl|Prokka|PJBPACPC_03045,-,GH73(144-267),GH73_e253,GH73,3
gnl|Prokka|PLJPCPFJ_03648,0.0,0.0,0.0,0.0,0.0,0.0,0.0,0.0,1.0,0.0,0.0,0.0,0.0,0.0,0.0,0.0,0.0,0.0,0.0,gnl|Prokka|PLJPCPFJ_03648,-,GT4(186-342),GT4_e3251,GT4,3
gnl|Prokka|AKEAHCKB_01941,1.0,1.0,1.0,1.0,1.0,1.0,1.0,1.0,1.0,1.0,0.0,0.0,1.0,1.0,1.0,1.0,1.0,1.0,1.0,gnl|Prokka|AKEAHCKB_01941,-,-,GT4_e1042,GT4,2
gnl|Prokka|APDOGEMG_02994,1.0,1.0,1.0,1.0,1.0,1.0,1.0,1.0,1.0,1.0,1.0,1.0,1.0,1.0,1.0,1.0,1.0,1.0,1.0,gnl|Prokka|APDOGEMG_02994,-,-,CBM50_e486,CBM50,2
gnl|Prokka|IAHBEFHN_03041,1.0,1.0,1.0,1.0,1.0,1.0,1.0,1.0,1.0,1.0,1.0,1.0,1.0,1.0,1.0,1.0,1.0,1.0,1.0,gnl|Prokka|IAHBEFHN_03041,-,-,CBM50_e567,CBM50,2
gnl|Prokka|JCIDEFIG_01749,0.0,0.0,0.0,0.0,0.0,0.0,0.0,0.0,0.0,0.0,0.0,0.0,0.0,0.0,0.0,0.0,0.0,1.0,0.0,gnl|Prokka|JCIDEFIG_01749,-,-,GT4_e116,GT4,2
gnl|Prokka|LGNBBEFE_00603,1.0,1.0,1.0,1.0,1.0,1.0,1.0,1.0,1.0,1.0,1.0,1.0,1.0,1.0,1.0,1.0,1.0,1.0,1.0,gnl|Prokka|LGNBBEFE_00603,-,-,-,GT2,1
gnl|Prokka|LGNBBEFE_00020,1.0,1.0,1.0,1.0,1.0,1.0,1.0,1.0,1.0,1.0,1.0,1.0,1.0,1.0,1.0,1.0,1.0,1.0,1.0,gnl|Prokka|LGNBBEFE_00020,-,-,-,GH28,1
gnl|Prokka|HIPMDEKK_03228,1.0,1.0,1.0,1.0,1.0,1.0,0.0,1.0,0.0,1.0,1.0,0.0,1.0,1.0,1.0,1.0,1.0,1.0,1.0,gnl|Prokka|HIPMDEKK_03228,-,-,-,GT107,1
gnl|Prokka|NGKABENH_03783,1.0,1.0,1.0,1.0,1.0,1.0,1.0,1.0,1.0,1.0,1.0,1.0,1.0,1.0,1.0,1.0,1.0,1.0,1.0,gnl|Prokka|NGKABENH_03783,-,-,-,GH23,1
gnl|Prokka|AKEAHCKB_01424,1.0,1.0,0.0,1.0,0.0,1.0,0.0,1.0,1.0,1.0,1.0,0.0,0.0,0.0,1.0,1.0,1.0,1.0,1.0,gnl|Prokka|AKEAHCKB_01424,-,-,-,CE0,1
gnl|Prokka|JDDPIIHO_00890,1.0,1.0,1.0,1.0,0.0,1.0,1.0,1.0,1.0,1.0,1.0,1.0,1.0,1.0,1.0,1.0,1.0,1.0,1.0,gnl|Prokka|JDDPIIHO_00890,-,-,-,CBM50,1
gnl|Prokka|JDDPIIHO_04116,1.0,0.0,1.0,1.0,1.0,1.0,1.0,0.0,1.0,1.0,1.0,1.0,1.0,1.0,1.0,1.0,1.0,0.0,1.0,gnl|Prokka|JDDPIIHO_04116,-,-,-,GT2+2.4.1.12,1
gnl|Prokka|JDDPIIHO_03317,0.0,1.0,0.0,0.0,0.0,1.0,0.0,0.0,0.0,0.0,0.0,0.0,0.0,0.0,0.0,0.0,0.0,0.0,0.0,gnl|Prokka|JDDPIIHO_03317,-,-,-,GH23,1
gnl|Prokka|COAKLHLB_00267,1.0,1.0,1.0,1.0,1.0,1.0,1.0,1.0,1.0,1.0,1.0,1.0,1.0,1.0,1.0,1.0,1.0,1.0,1.0,gnl|Prokka|COAKLHLB_00267,-,-,-,GT83,1
gnl|Prokka|HCDLLMMA_01338,1.0,1.0,1.0,1.0,1.0,1.0,1.0,1.0,1.0,1.0,1.0,1.0,1.0,1.0,1.0,1.0,1.0,1.0,1.0,gnl|Prokka|HCDLLMMA_01338,-,-,-,GH103,1
gnl|Prokka|COAKLHLB_02437,1.0,1.0,1.0,1.0,1.0,1.0,1.0,1.0,1.0,1.0,1.0,1.0,1.0,1.0,1.0,1.0,1.0,1.0,1.0,gnl|Prokka|COAKLHLB_02437,-,-,-,CE8,1
gnl|Prokka|AKEAHCKB_03351,1.0,1.0,1.0,1.0,1.0,1.0,1.0,1.0,1.0,1.0,1.0,1.0,1.0,1.0,1.0,1.0,1.0,1.0,1.0,gnl|Prokka|AKEAHCKB_03351,-,-,-,GT2,1
gnl|Prokka|MKNIKEAA_01055,1.0,1.0,1.0,1.0,1.0,1.0,1.0,1.0,1.0,1.0,1.0,1.0,1.0,0.0,1.0,1.0,1.0,1.0,1.0,gnl|Prokka|MKNIKEAA_01055,-,-,-,GT2,1
gnl|Prokka|AKEAHCKB_01091,1.0,1.0,1.0,1.0,1.0,1.0,1.0,1.0,1.0,1.0,1.0,1.0,1.0,1.0,1.0,1.0,1.0,1.0,1.0,gnl|Prokka|AKEAHCKB_01091,-,-,-,GT56+2.4.1.-+2.4.1.-,1
gnl|Prokka|HCDLLMMA_02061,1.0,1.0,0.0,1.0,1.0,1.0,1.0,1.0,1.0,1.0,1.0,1.0,1.0,1.0,1.0,1.0,1.0,1.0,1.0,gnl|Prokka|HCDLLMMA_02061,-,-,-,GH36,1
gnl|Prokka|COAKLHLB_00893,1.0,1.0,1.0,1.0,1.0,1.0,1.0,1.0,1.0,1.0,1.0,1.0,1.0,1.0,1.0,1.0,1.0,1.0,1.0,gnl|Prokka|COAKLHLB_00893,-,-,-,GH3,1
gnl|Prokka|BNGDJCLN_04322,1.0,1.0,0.0,2.0,0.0,0.0,1.0,0.0,0.0,1.0,1.0,0.0,0.0,0.0,1.0,1.0,1.0,1.0,2.0,gnl|Prokka|BNGDJCLN_04322,-,-,-,GH24,1
,,,,,,,,,,,,,,,,,,,,Gene ID,EC#,HMMER,dbCAN_sub,DIAMOND,#ofTools
gnl|Prokka|HCDLLMMA_00696,0.0,0.0,0.0,0.0,0.0,0.0,0.0,0.0,0.0,0.0,0.0,0.0,0.0,0.0,0.0,1.0,0.0,0.0,0.0,gnl|Prokka|HCDLLMMA_00696,-,GT2(4-123),GT2,GT2,3
gnl|Prokka|HIPMDEKK_03326,1.0,1.0,1.0,1.0,1.0,1.0,1.0,1.0,1.0,1.0,1.0,0.0,1.0,1.0,1.0,1.0,1.0,1.0,1.0,gnl|Prokka|HIPMDEKK_03326,3.5.1.25:23,CE9(5-376),CE9_e0,CE9,3
gnl|Prokka|ICHPHMKM_02622,1.0,1.0,1.0,1.0,1.0,1.0,1.0,1.0,1.0,1.0,1.0,1.0,1.0,1.0,1.0,0.0,1.0,1.0,1.0,gnl|Prokka|ICHPHMKM_02622,4.2.2.n1:10,GH23(497-622),GH23_e96,GH23,3
gnl|Prokka|JDDPIIHO_01737,1.0,0.0,1.0,1.0,0.0,1.0,0.0,1.0,0.0,0.0,0.0,1.0,0.0,0.0,1.0,0.0,0.0,1.0,1.0,gnl|Prokka|JDDPIIHO_01737,3.2.1.86:26|3.2.1.23:2|3.2.1.21:1,GH1(3-476),GH1_e0,GH1,3
gnl|Prokka|KAGGKOGE_01702,0.0,0.0,0.0,0.0,0.0,0.0,0.0,0.0,0.0,1.0,0.0,0.0,0.0,0.0,0.0,0.0,0.0,0.0,0.0,gnl|Prokka|KAGGKOGE_01702,-|-|-,GT2(5-135)+GT111(393-630)+GT8(667-929),GT2+GT111_e16+GT8_e174,GT111+GT2+GT8,3
gnl|Prokka|KAGGKOGE_03339,0.0,0.0,0.0,0.0,0.0,0.0,0.0,0.0,0.0,1.0,0.0,0.0,0.0,0.0,0.0,0.0,1.0,0.0,0.0,gnl|Prokka|KAGGKOGE_03339,2.4.1.58:14,GT8(25-275),GT8_e183,GT8,3
gnl|Prokka|KIDIHNBK_01968,0.0,0.0,0.0,0.0,0.0,0.0,1.0,0.0,0.0,0.0,0.0,0.0,0.0,0.0,0.0,0.0,1.0,0.0,0.0,gnl|Prokka|KIDIHNBK_01968,-,GH23(82-217),GH23_e671,GH23,3
gnl|Prokka|LGNBBEFE_03870,0.0,0.0,0.0,0.0,1.0,0.0,0.0,0.0,0.0,0.0,0.0,1.0,0.0,0.0,0.0,0.0,0.0,0.0,0.0,gnl|Prokka|LGNBBEFE_03870,-,GT2(688-904),-,GT0,2
gnl|Prokka|MKNIKEAA_03553,0.0,0.0,0.0,0.0,0.0,0.0,0.0,1.0,0.0,0.0,0.0,0.0,0.0,0.0,0.0,0.0,0.0,0.0,0.0,gnl|Prokka|MKNIKEAA_03553,-,CBM50(166-214),CBM50_e714,-,2
gnl|Prokka|MKNIKEAA_04472,1.0,1.0,1.0,1.0,1.0,1.0,1.0,1.0,1.0,1.0,1.0,1.0,1.0,1.0,1.0,1.0,1.0,1.0,1.0,gnl|Prokka|MKNIKEAA_04472,2.4.1.129:11,GT51(208-379),GT51_e28,GT51,3
gnl|Prokka|NKEMDPIE_02958,0.0,0.0,0.0,1.0,0.0,1.0,0.0,0.0,0.0,1.0,0.0,0.0,0.0,0.0,1.0,0.0,1.0,1.0,1.0,gnl|Prokka|NKEMDPIE_02958,-,GH33(36-367),GH33_e0,GH33,3
gnl|Prokka|PJBPACPC_02452,1.0,1.0,1.0,1.0,1.0,1.0,1.0,1.0,1.0,1.0,2.0,1.0,1.0,1.0,1.0,1.0,1.0,1.0,1.0,gnl|Prokka|PJBPACPC_02452,-,GH179(33-203),-,-,1
gnl|Prokka|PLJPCPFJ_02029,1.0,1.0,1.0,1.0,1.0,1.0,1.0,0.0,1.0,1.0,1.0,1.0,1.0,1.0,1.0,1.0,1.0,1.0,1.0,gnl|Prokka|PLJPCPFJ_02029,2.4.99.-:25,GT30(33-211),GT30_e0,GT30,3
gnl|Prokka|PLJPCPFJ_02037,0.0,0.0,0.0,0.0,0.0,0.0,0.0,0.0,1.0,0.0,0.0,0.0,0.0,0.0,0.0,1.0,0.0,1.0,0.0,gnl|Prokka|PLJPCPFJ_02037,-,GT25(4-180),GT25_e77,GT25,3
gnl|Prokka|PLJPCPFJ_02678,0.0,0.0,0.0,0.0,0.0,0.0,0.0,1.0,1.0,0.0,1.0,0.0,0.0,0.0,0.0,0.0,0.0,0.0,0.0,gnl|Prokka|PLJPCPFJ_02678,-,GT2(8-127),GT2,GT2,3
gnl|Prokka|APDOGEMG_00050,0.0,0.0,1.0,0.0,0.0,0.0,0.0,0.0,0.0,0.0,0.0,0.0,0.0,0.0,0.0,0.0,0.0,0.0,0.0,gnl|Prokka|APDOGEMG_00050,-,-,GH23_e519,GH23,2
gnl|Prokka|NGKABENH_01346,0.0,0.0,0.0,0.0,0.0,0.0,0.0,1.0,0.0,0.0,0.0,0.0,0.0,0.0,0.0,0.0,0.0,0.0,1.0,gnl|Prokka|NGKABENH_01346,-,-,GH36_e8,GH36,2
gnl|Prokka|AKEAHCKB_03315,1.0,1.0,1.0,1.0,1.0,1.0,1.0,1.0,1.0,1.0,1.0,1.0,1.0,0.0,1.0,1.0,1.0,1.0,1.0,gnl|Prokka|AKEAHCKB_03315,-,-,-,GH13_11,1
gnl|Prokka|AKEAHCKB_03412,1.0,1.0,1.0,1.0,0.0,1.0,1.0,1.0,1.0,1.0,1.0,1.0,1.0,1.0,1.0,1.0,1.0,1.0,1.0,gnl|Prokka|AKEAHCKB_03412,-,-,-,GH38,1
gnl|Prokka|NGKABENH_03427,1.0,1.0,1.0,1.0,1.0,1.0,1.0,1.0,1.0,1.0,1.0,1.0,1.0,1.0,1.0,1.0,1.0,1.0,1.0,gnl|Prokka|NGKABENH_03427,-,-,-,GT2,1
gnl|Prokka|APDOGEMG_00187,1.0,1.0,1.0,1.0,1.0,1.0,1.0,1.0,1.0,1.0,1.0,1.0,1.0,1.0,1.0,1.0,1.0,1.0,1.0,gnl|Prokka|APDOGEMG_00187,-,-,-,GH13_11,1
gnl|Prokka|ICHPHMKM_01297,1.0,1.0,1.0,1.0,1.0,1.0,1.0,1.0,1.0,1.0,1.0,1.0,1.0,1.0,0.0,1.0,1.0,1.0,1.0,gnl|Prokka|ICHPHMKM_01297,-,-,-,GT4,1
gnl|Prokka|PJBPACPC_00305,1.0,1.0,1.0,1.0,1.0,1.0,1.0,1.0,1.0,1.0,1.0,1.0,1.0,1.0,1.0,1.0,1.0,1.0,1.0,gnl|Prokka|PJBPACPC_00305,-,-,-,GH1,1
gnl|Prokka|HCDLLMMA_02782,1.0,1.0,1.0,1.0,0.0,1.0,1.0,1.0,1.0,1.0,1.0,1.0,1.0,1.0,1.0,1.0,1.0,1.0,1.0,gnl|Prokka|HCDLLMMA_02782,-,-,-,GT47,1
gnl|Prokka|APDOGEMG_02085,0.0,0.0,1.0,0.0,0.0,0.0,0.0,0.0,0.0,0.0,0.0,0.0,0.0,0.0,0.0,0.0,0.0,0.0,0.0,gnl|Prokka|APDOGEMG_02085,-,-,-,GT0,1
gnl|Prokka|BNGDJCLN_03830,1.0,0.0,1.0,0.0,0.0,0.0,0.0,0.0,0.0,0.0,0.0,0.0,0.0,0.0,0.0,0.0,0.0,0.0,0.0,gnl|Prokka|BNGDJCLN_03830,-,-,-,GT2,1
gnl|Prokka|PLJPCPFJ_02332,1.0,1.0,1.0,1.0,1.0,1.0,1.0,1.0,1.0,1.0,1.0,1.0,1.0,1.0,1.0,1.0,1.0,1.0,1.0,gnl|Prokka|PLJPCPFJ_02332,-,-,-,GT2,1
gnl|Prokka|NGKABENH_00943,0.0,0.0,0.0,0.0,0.0,1.0,0.0,0.0,0.0,0.0,0.0,0.0,0.0,0.0,0.0,0.0,0.0,0.0,1.0,gnl|Prokka|NGKABENH_00943,-,-,-,GT2,1
gnl|Prokka|KAGGKOGE_02695,1.0,1.0,1.0,1.0,1.0,1.0,1.0,1.0,1.0,1.0,1.0,0.0,1.0,1.0,1.0,1.0,1.0,1.0,1.0,gnl|Prokka|KAGGKOGE_02695,-,-,-,GT4,1
gnl|Prokka|IAHBEFHN_03815,1.0,1.0,1.0,1.0,1.0,1.0,1.0,1.0,1.0,1.0,1.0,1.0,1.0,1.0,1.0,1.0,1.0,1.0,1.0,gnl|Prokka|IAHBEFHN_03815,-,-,-,GT22,1
gnl|Prokka|HIPMDEKK_01826,1.0,1.0,1.0,1.0,1.0,1.0,1.0,1.0,1.0,1.0,1.0,1.0,1.0,1.0,1.0,1.0,1.0,1.0,1.0,gnl|Prokka|HIPMDEKK_01826,-,-,-,GH27,1
gnl|Prokka|AKEAHCKB_02698,1.0,1.0,1.0,1.0,1.0,1.0,1.0,1.0,1.0,1.0,1.0,1.0,1.0,2.0,1.0,1.0,1.0,1.0,1.0,gnl|Prokka|AKEAHCKB_02698,-,-,-,CE0,1
gnl|Prokka|LKCJGGKA_03523,0.0,0.0,0.0,0.0,0.0,1.0,0.0,0.0,0.0,0.0,1.0,0.0,0.0,0.0,0.0,0.0,0.0,0.0,0.0,gnl|Prokka|LKCJGGKA_03523,-,-,-,GH24,1
gnl|Prokka|KIDIHNBK_00047,0.0,0.0,0.0,1.0,1.0,0.0,0.0,0.0,0.0,1.0,0.0,0.0,0.0,0.0,0.0,0.0,1.0,0.0,0.0,gnl|Prokka|KIDIHNBK_00047,-,-,-,GH32,1
gnl|Prokka|JCIDEFIG_00491,1.0,1.0,1.0,1.0,1.0,1.0,1.0,1.0,1.0,1.0,1.0,1.0,1.0,1.0,1.0,1.0,1.0,1.0,1.0,gnl|Prokka|JCIDEFIG_00491,-,-,-,GH13_3,1
gnl|Prokka|LGNBBEFE_02891,0.0,0.0,0.0,0.0,1.0,0.0,0.0,0.0,0.0,0.0,0.0,0.0,0.0,0.0,0.0,0.0,0.0,0.0,0.0,gnl|Prokka|LGNBBEFE_02891,-,-,-,GH0,1
gnl|Prokka|AKEAHCKB_00572,1.0,1.0,1.0,1.0,1.0,1.0,1.0,1.0,1.0,1.0,1.0,1.0,1.0,1.0,1.0,1.0,1.0,1.0,1.0,gnl|Prokka|AKEAHCKB_00572,-,-,-,GH1,1
gnl|Prokka|PLJPCPFJ_01708,0.0,0.0,0.0,0.0,0.0,0.0,0.0,0.0,1.0,0.0,0.0,0.0,0.0,0.0,0.0,0.0,0.0,0.0,0.0,gnl|Prokka|PLJPCPFJ_01708,-,-,-,GH73,1
gnl|Prokka|APDOGEMG_00673,1.0,1.0,1.0,1.0,1.0,1.0,1.0,1.0,1.0,1.0,1.0,1.0,1.0,0.0,1.0,1.0,1.0,1.0,1.0,gnl|Prokka|APDOGEMG_00673,-,-,-,GT4,1
gnl|Prokka|BNGDJCLN_02568,1.0,1.0,1.0,1.0,1.0,1.0,1.0,1.0,0.0,1.0,1.0,0.0,1.0,1.0,1.0,1.0,1.0,1.0,1.0,gnl|Prokka|BNGDJCLN_02568,-,-,-,GH85,1
,,,,,,,,,,,,,,,,,,,,Gene ID,EC#,HMMER,dbCAN_sub,DIAMOND,#ofTools
gnl|Prokka|AKEAHCKB_01939,1.0,1.0,1.0,1.0,1.0,1.0,1.0,1.0,1.0,1.0,0.0,0.0,1.0,1.0,1.0,1.0,1.0,1.0,1.0,gnl|Prokka|AKEAHCKB_01939,-,GT2(8-154),GT2,GT2,3
gnl|Prokka|AKEAHCKB_03753,0.0,1.0,0.0,0.0,0.0,0.0,0.0,0.0,0.0,0.0,0.0,0.0,0.0,0.0,0.0,0.0,0.0,0.0,1.0,gnl|Prokka|AKEAHCKB_03753,-,GH23(29-144),GH23_e433,GH23,3
gnl|Prokka|APDOGEMG_00186,1.0,1.0,1.0,1.0,1.0,1.0,1.0,1.0,1.0,1.0,1.0,1.0,1.0,1.0,1.0,1.0,1.0,1.0,1.0,gnl|Prokka|APDOGEMG_00186,2.4.1.21:29,GT5(2-474),GT5_e31,GT5,3
gnl|Prokka|APDOGEMG_00416,0.0,1.0,1.0,1.0,1.0,1.0,2.0,1.0,1.0,0.0,0.0,1.0,0.0,0.0,1.0,1.0,1.0,1.0,1.0,gnl|Prokka|APDOGEMG_00416,3.5.1.-:8|3.2.1.-:8|3.5.1.-:7|3.2.1.-:7,CE4(103-271)+GH153(313-664),CE4_e321+GH153_e1,CE4+GH153,3
gnl|Prokka|APDOGEMG_04243,0.0,0.0,1.0,0.0,0.0,0.0,0.0,0.0,0.0,0.0,0.0,0.0,0.0,0.0,0.0,0.0,0.0,0.0,0.0,gnl|Prokka|APDOGEMG_04243,3.2.1.17:1,GH19_1(36-166),GH19_e11,GH19,3
gnl|Prokka|BNGDJCLN_03058,1.0,1.0,1.0,1.0,1.0,1.0,1.0,1.0,1.0,1.0,1.0,1.0,1.0,1.0,1.0,1.0,1.0,1.0,1.0,gnl|Prokka|BNGDJCLN_03058,-,CE1(21-271),CE1_e38,-,2
gnl|Prokka|COAKLHLB_00529,1.0,1.0,1.0,1.0,1.0,0.0,1.0,1.0,1.0,1.0,1.0,1.0,1.0,0.0,1.0,1.0,1.0,1.0,1.0,gnl|Prokka|COAKLHLB_00529,4.2.2.n1:2,GH23(207-353),GH23_e150,GH23,3
gnl|Prokka|COAKLHLB_01984,0.0,0.0,0.0,0.0,0.0,0.0,1.0,0.0,0.0,0.0,0.0,0.0,0.0,0.0,0.0,0.0,0.0,0.0,0.0,gnl|Prokka|COAKLHLB_01984,-,GH24(4-143),GH24_e250,GH24,3
gnl|Prokka|HCDLLMMA_03105,1.0,1.0,1.0,1.0,1.0,1.0,1.0,1.0,1.0,1.0,1.0,1.0,1.0,1.0,1.0,1.0,1.0,1.0,1.0,gnl|Prokka|HCDLLMMA_03105,-,GH179(41-191),-,-,1
gnl|Prokka|HCDLLMMA_03371,1.0,2.0,0.0,1.0,1.0,1.0,1.0,0.0,1.0,1.0,3.0,1.0,2.0,1.0,1.0,1.0,1.0,1.0,1.0,gnl|Prokka|HCDLLMMA_03371,3.2.1.177:12,GH31_3(240-668),GH31_e31,GH31,3
gnl|Prokka|IAHBEFHN_00271,1.0,1.0,1.0,1.0,1.0,1.0,1.0,1.0,1.0,1.0,0.0,1.0,1.0,1.0,1.0,1.0,1.0,1.0,1.0,gnl|Prokka|IAHBEFHN_00271,-,AA1(65-285),-,-,1
gnl|Prokka|IAHBEFHN_03108,1.0,1.0,1.0,1.0,1.0,1.0,1.0,1.0,1.0,1.0,1.0,1.0,1.0,0.0,1.0,1.0,1.0,1.0,1.0,gnl|Prokka|IAHBEFHN_03108,3.2.1.1:2,GH13_5(31-373),GH13_e245,GH13_5,3
gnl|Prokka|JDDPIIHO_03063,1.0,1.0,1.0,2.0,1.0,1.0,1.0,1.0,1.0,1.0,1.0,0.0,2.0,1.0,1.0,1.0,1.0,1.0,1.0,gnl|Prokka|JDDPIIHO_03063,3.2.1.20:9|3.2.1.84:9,GH63(1-780),GH63_e1,GH63,3
gnl|Prokka|KAGGKOGE_01395,1.0,0.0,1.0,0.0,1.0,0.0,0.0,0.0,1.0,1.0,1.0,0.0,1.0,0.0,0.0,0.0,0.0,1.0,0.0,gnl|Prokka|KAGGKOGE_01395,3.2.1.26:13,GH32(29-330),GH32_e0,GH32,3
gnl|Prokka|KAGGKOGE_03342,0.0,0.0,0.0,0.0,0.0,0.0,0.0,0.0,0.0,1.0,0.0,0.0,0.0,0.0,0.0,0.0,1.0,0.0,0.0,gnl|Prokka|KAGGKOGE_03342,2.4.1.56:10,GT9(106-326),GT9_e82,GT9,3
gnl|Prokka|MKNIKEAA_03523,0.0,0.0,0.0,0.0,0.0,0.0,0.0,1.0,0.0,0.0,0.0,0.0,0.0,0.0,0.0,0.0,0.0,0.0,0.0,gnl|Prokka|MKNIKEAA_03523,3.2.1.-:2,GH13_20(41-321),GH13_e141,GH13,3
gnl|Prokka|MKNIKEAA_04504,1.0,1.0,1.0,1.0,1.0,1.0,1.0,1.0,1.0,1.0,1.0,1.0,1.0,1.0,1.0,1.0,1.0,0.0,1.0,gnl|Prokka|MKNIKEAA_04504,2.4.1.182:13,GT19(9-366),GT19_e17,GT19,3
gnl|Prokka|PLJPCPFJ_01154,1.0,0.0,1.0,1.0,1.0,1.0,1.0,1.0,1.0,1.0,1.0,0.0,1.0,1.0,1.0,1.0,1.0,1.0,1.0,gnl|Prokka|PLJPCPFJ_01154,3.5.1.25:2|3.5.1.80:2,CE9(7-372),CE9_e34,CE9,3
gnl|Prokka|PLJPCPFJ_01867,0.0,0.0,0.0,0.0,0.0,0.0,0.0,0.0,1.0,0.0,0.0,0.0,0.0,0.0,0.0,0.0,0.0,0.0,0.0,gnl|Prokka|PLJPCPFJ_01867,-,GH24(28-167),GH24_e13,GH24,3
gnl|Prokka|PLJPCPFJ_03981,0.0,0.0,0.0,0.0,0.0,0.0,0.0,0.0,1.0,0.0,0.0,0.0,0.0,0.0,0.0,0.0,0.0,0.0,0.0,gnl|Prokka|PLJPCPFJ_03981,2.4.-.-:1,GT1(76-366),GT1_e0,GT1,3
gnl|Prokka|HCDLLMMA_04352,0.0,0.0,0.0,0.0,0.0,0.0,0.0,0.0,0.0,0.0,0.0,0.0,0.0,0.0,0.0,1.0,0.0,0.0,0.0,gnl|Prokka|HCDLLMMA_04352,2.4.1.-:3,-,GT45_e0,GT45,2
gnl|Prokka|HIPMDEKK_02646,1.0,1.0,1.0,1.0,1.0,1.0,1.0,1.0,1.0,1.0,1.0,1.0,1.0,1.0,1.0,1.0,1.0,1.0,1.0,gnl|Prokka|HIPMDEKK_02646,-,-,CBM50_e118,-,1
gnl|Prokka|KIDIHNBK_04187,0.0,0.0,0.0,0.0,0.0,0.0,0.0,0.0,0.0,0.0,0.0,0.0,0.0,0.0,0.0,0.0,1.0,0.0,0.0,gnl|Prokka|KIDIHNBK_04187,-,-,GT4_e1752,GT4,2
gnl|Prokka|PJBPACPC_01776,0.0,0.0,0.0,1.0,0.0,0.0,0.0,0.0,0.0,0.0,0.0,0.0,0.0,0.0,0.0,0.0,0.0,0.0,0.0,gnl|Prokka|PJBPACPC_01776,-,-,GT2,GT2,2
gnl|Prokka|COAKLHLB_03062,1.0,1.0,1.0,1.0,1.0,1.0,1.0,1.0,1.0,1.0,1.0,1.0,1.0,1.0,1.0,1.0,1.0,1.0,1.0,gnl|Prokka|COAKLHLB_03062,-,-,-,GH3,1
gnl|Prokka|ICHPHMKM_03305,1.0,1.0,1.0,1.0,1.0,1.0,1.0,1.0,1.0,1.0,1.0,1.0,1.0,1.0,1.0,1.0,1.0,1.0,1.0,gnl|Prokka|ICHPHMKM_03305,-,-,-,GH65,1
gnl|Prokka|PJBPACPC_01773,0.0,0.0,0.0,1.0,0.0,0.0,0.0,0.0,0.0,0.0,0.0,0.0,0.0,0.0,0.0,0.0,0.0,0.0,0.0,gnl|Prokka|PJBPACPC_01773,-,-,-,GT0,1
gnl|Prokka|LGNBBEFE_03362,1.0,1.0,1.0,1.0,1.0,1.0,1.0,1.0,1.0,1.0,1.0,1.0,1.0,1.0,1.0,1.0,1.0,1.0,1.0,gnl|Prokka|LGNBBEFE_03362,-,-,-,GT1,1
gnl|Prokka|KIDIHNBK_00045,0.0,0.0,0.0,1.0,1.0,0.0,0.0,0.0,0.0,1.0,0.0,0.0,0.0,0.0,0.0,0.0,1.0,0.0,0.0,gnl|Prokka|KIDIHNBK_00045,-,-,-,GH32,1
gnl|Prokka|COAKLHLB_01014,1.0,1.0,1.0,1.0,1.0,1.0,1.0,1.0,1.0,1.0,1.0,1.0,1.0,1.0,1.0,1.0,1.0,1.0,1.0,gnl|Prokka|COAKLHLB_01014,-,-,-,GT2,1
gnl|Prokka|KIDIHNBK_03215,1.0,1.0,1.0,1.0,1.0,1.0,1.0,1.0,1.0,1.0,1.0,1.0,1.0,1.0,1.0,1.0,1.0,1.0,1.0,gnl|Prokka|KIDIHNBK_03215,-,-,-,GT2,1
gnl|Prokka|BNGDJCLN_04309,1.0,0.0,1.0,1.0,0.0,0.0,0.0,0.0,0.0,0.0,1.0,0.0,1.0,0.0,0.0,1.0,0.0,1.0,0.0,gnl|Prokka|BNGDJCLN_04309,-,-,-,GH24,1
gnl|Prokka|LGNBBEFE_03271,1.0,1.0,1.0,0.0,1.0,0.0,1.0,0.0,1.0,0.0,1.0,1.0,0.0,1.0,0.0,1.0,0.0,0.0,0.0,gnl|Prokka|LGNBBEFE_03271,-,-,-,GH4,1
gnl|Prokka|BNGDJCLN_01611,1.0,0.0,0.0,0.0,0.0,0.0,0.0,0.0,0.0,0.0,0.0,0.0,0.0,0.0,0.0,0.0,0.0,0.0,0.0,gnl|Prokka|BNGDJCLN_01611,-,-,-,GH73,1
gnl|Prokka|LKCJGGKA_03732,1.0,1.0,1.0,1.0,1.0,1.0,1.0,1.0,0.0,1.0,1.0,0.0,1.0,1.0,1.0,1.0,1.0,1.0,1.0,gnl|Prokka|LKCJGGKA_03732,-,-,-,GH5_18,1
gnl|Prokka|AKEAHCKB_02730,1.0,1.0,1.0,1.0,1.0,1.0,1.0,1.0,1.0,1.0,1.0,1.0,0.0,1.0,1.0,1.0,1.0,1.0,1.0,gnl|Prokka|AKEAHCKB_02730,-,-,-,GH1,1
gnl|Prokka|JCIDEFIG_01753,0.0,0.0,0.0,0.0,0.0,0.0,0.0,0.0,0.0,0.0,0.0,0.0,0.0,0.0,0.0,0.0,0.0,1.0,0.0,gnl|Prokka|JCIDEFIG_01753,-,-,-,GT0,1
gnl|Prokka|LGNBBEFE_02461,1.0,1.0,1.0,1.0,1.0,1.0,2.0,1.0,0.0,1.0,0.0,1.0,1.0,1.0,1.0,0.0,1.0,0.0,1.0,gnl|Prokka|LGNBBEFE_02461,-,-,-,GH1,1
,,,,,,,,,,,,,,,,,,,,Gene ID,EC#,HMMER,dbCAN_sub,DIAMOND,#ofTools
gnl|Prokka|AKEAHCKB_00340,0.0,1.0,0.0,0.0,0.0,0.0,0.0,1.0,0.0,0.0,0.0,0.0,0.0,0.0,0.0,0.0,0.0,0.0,0.0,gnl|Prokka|AKEAHCKB_00340,2.4.-.-:1,GT1(91-364),GT1_e0,GT1,3
gnl|Prokka|AKEAHCKB_00342,0.0,1.0,0.0,0.0,0.0,0.0,0.0,1.0,0.0,0.0,0.0,0.0,0.0,0.0,0.0,0.0,0.0,0.0,0.0,gnl|Prokka|AKEAHCKB_00342,-,CE1(184-402),-,-,1
gnl|Prokka|BNGDJCLN_03952,1.0,1.0,1.0,1.0,1.0,1.0,1.0,1.0,1.0,1.0,1.0,1.0,1.0,1.0,1.0,1.0,1.0,1.0,1.0,gnl|Prokka|BNGDJCLN_03952,2.4.1.15:96,GT20(2-453),GT20_e1,GT20,3
gnl|Prokka|COAKLHLB_00887,1.0,1.0,1.0,1.0,1.0,1.0,1.0,1.0,1.0,1.0,1.0,1.0,1.0,1.0,1.0,1.0,1.0,1.0,1.0,gnl|Prokka|COAKLHLB_00887,3.2.1.21:20|3.2.1.-:6,GH3(88-309),GH3_e1,GH3,3
gnl|Prokka|HCDLLMMA_00698,0.0,0.0,0.0,0.0,0.0,0.0,0.0,0.0,0.0,0.0,0.0,0.0,0.0,0.0,0.0,1.0,0.0,0.0,0.0,gnl|Prokka|HCDLLMMA_00698,-,GT4(165-307),GT4_e1005,GT4,3
gnl|Prokka|HIPMDEKK_01275,1.0,1.0,1.0,1.0,1.0,1.0,1.0,0.0,1.0,1.0,1.0,1.0,1.0,1.0,1.0,1.0,1.0,1.0,1.0,gnl|Prokka|HIPMDEKK_01275,3.2.1.28:18,GH37(71-545),GH37_e6,GH37,3
gnl|Prokka|HIPMDEKK_01959,1.0,1.0,1.0,1.0,1.0,1.0,1.0,1.0,0.0,1.0,0.0,1.0,1.0,1.0,1.0,0.0,1.0,0.0,1.0,gnl|Prokka|HIPMDEKK_01959,3.2.1.86:49|3.2.1.21:4|3.2.1.37:1,GH1(2-459),GH1_e85,GH1,3
gnl|Prokka|IAHBEFHN_03925,0.0,0.0,0.0,0.0,0.0,0.0,0.0,0.0,0.0,0.0,0.0,0.0,1.0,0.0,0.0,0.0,0.0,0.0,0.0,gnl|Prokka|IAHBEFHN_03925,-,GH19_1(36-178),GH19_e108,GH19,3
gnl|Prokka|JCIDEFIG_03360,0.0,0.0,0.0,0.0,0.0,0.0,0.0,0.0,0.0,0.0,0.0,0.0,0.0,0.0,0.0,0.0,0.0,1.0,0.0,gnl|Prokka|JCIDEFIG_03360,-,GH23(38-157),GH23_e85,GH23,3
gnl|Prokka|JDDPIIHO_02448,1.0,1.0,1.0,1.0,1.0,1.0,1.0,1.0,1.0,1.0,1.0,0.0,1.0,1.0,1.0,1.0,1.0,0.0,1.0,gnl|Prokka|JDDPIIHO_02448,3.2.1.86:26|3.2.1.23:2|3.2.1.21:1,GH1(5-474),GH1_e0,GH1,3
gnl|Prokka|KIDIHNBK_04191,0.0,0.0,0.0,0.0,0.0,0.0,0.0,0.0,0.0,0.0,0.0,0.0,0.0,0.0,0.0,0.0,1.0,0.0,0.0,gnl|Prokka|KIDIHNBK_04191,-,GT2(15-208),GT2,GT2,3
gnl|Prokka|LKCJGGKA_01231,1.0,1.0,0.0,1.0,1.0,1.0,1.0,0.0,1.0,1.0,1.0,1.0,1.0,1.0,1.0,1.0,1.0,1.0,1.0,gnl|Prokka|LKCJGGKA_01231,2.4.99.-:11,GT9(76-295),GT9_e71,GT9,3
gnl|Prokka|LKCJGGKA_01236,1.0,0.0,0.0,0.0,0.0,0.0,0.0,0.0,0.0,0.0,1.0,0.0,0.0,1.0,0.0,0.0,0.0,0.0,0.0,gnl|Prokka|LKCJGGKA_01236,2.4.1.-:10|2.4.1.44:3|2.4.1.58:1,GT8(21-274),GT8_e147,GT8,3
gnl|Prokka|NKEMDPIE_00203,0.0,1.0,0.0,1.0,1.0,1.0,1.0,0.0,1.0,0.0,0.0,1.0,0.0,0.0,1.0,1.0,0.0,1.0,1.0,gnl|Prokka|NKEMDPIE_00203,-,GT8(16-275),GT8_e254,GT8,3
gnl|Prokka|NKEMDPIE_02275,1.0,1.0,1.0,1.0,1.0,1.0,1.0,1.0,1.0,1.0,1.0,1.0,1.0,1.0,1.0,1.0,1.0,1.0,1.0,gnl|Prokka|NKEMDPIE_02275,-,GH109(3-152),-,-,1
gnl|Prokka|PJBPACPC_02599,0.0,1.0,0.0,1.0,0.0,1.0,0.0,1.0,0.0,0.0,0.0,0.0,0.0,0.0,0.0,1.0,0.0,0.0,1.0,gnl|Prokka|PJBPACPC_02599,2.4.99.-:2|2.4.99.-:2,GT107(10-314)+GT107(280-647),GT107_e0+GT107_e0,GT107,3
gnl|Prokka|PLJPCPFJ_03652,0.0,0.0,0.0,0.0,0.0,0.0,0.0,0.0,1.0,0.0,0.0,0.0,0.0,0.0,0.0,0.0,0.0,0.0,0.0,gnl|Prokka|PLJPCPFJ_03652,-,GT2(6-133),GT2,GT2,3
gnl|Prokka|PLJPCPFJ_04273,0.0,0.0,0.0,0.0,0.0,0.0,0.0,0.0,1.0,0.0,0.0,0.0,0.0,0.0,0.0,0.0,0.0,0.0,0.0,gnl|Prokka|PLJPCPFJ_04273,-,GT4(175-313),GT4_e3218,GT4,3
gnl|Prokka|APDOGEMG_02083,0.0,0.0,1.0,0.0,0.0,0.0,0.0,0.0,0.0,0.0,0.0,0.0,0.0,0.0,0.0,0.0,0.0,0.0,0.0,gnl|Prokka|APDOGEMG_02083,-,-,GT2,GT2,2
gnl|Prokka|BNGDJCLN_01582,1.0,0.0,0.0,0.0,0.0,0.0,0.0,0.0,0.0,0.0,0.0,0.0,0.0,0.0,0.0,0.0,0.0,0.0,0.0,gnl|Prokka|BNGDJCLN_01582,-,-,GH23_e263,GH23,2
gnl|Prokka|NKEMDPIE_03315,0.0,0.0,0.0,0.0,0.0,0.0,0.0,0.0,0.0,0.0,0.0,0.0,0.0,0.0,1.0,0.0,0.0,0.0,0.0,gnl|Prokka|NKEMDPIE_03315,-,-,GT4_e116,GT4,2
gnl|Prokka|COAKLHLB_03573,0.0,0.0,0.0,0.0,0.0,0.0,1.0,1.0,0.0,0.0,0.0,0.0,0.0,0.0,0.0,0.0,0.0,0.0,0.0,gnl|Prokka|COAKLHLB_03573,-,-,-,GT2,1
gnl|Prokka|BNGDJCLN_00028,1.0,0.0,0.0,0.0,0.0,0.0,0.0,0.0,0.0,0.0,0.0,0.0,0.0,0.0,0.0,0.0,0.0,0.0,0.0,gnl|Prokka|BNGDJCLN_00028,-,-,-,GH73,1
gnl|Prokka|IAHBEFHN_04060,0.0,0.0,0.0,0.0,0.0,0.0,0.0,0.0,0.0,0.0,0.0,0.0,1.0,0.0,0.0,0.0,0.0,0.0,0.0,gnl|Prokka|IAHBEFHN_04060,-,-,-,GT28,1
gnl|Prokka|MKNIKEAA_03552,0.0,0.0,0.0,0.0,0.0,0.0,0.0,1.0,0.0,0.0,0.0,0.0,0.0,0.0,0.0,0.0,0.0,0.0,0.0,gnl|Prokka|MKNIKEAA_03552,-,-,-,GH73,1
gnl|Prokka|NKEMDPIE_03871,0.0,1.0,0.0,1.0,1.0,1.0,0.0,1.0,0.0,0.0,0.0,0.0,0.0,0.0,1.0,1.0,1.0,1.0,1.0,gnl|Prokka|NKEMDPIE_03871,-,-,-,GT2,1
gnl|Prokka|PLJPCPFJ_02619,1.0,1.0,1.0,1.0,1.0,1.0,1.0,1.0,1.0,1.0,1.0,1.0,1.0,1.0,1.0,1.0,1.0,1.0,1.0,gnl|Prokka|PLJPCPFJ_02619,-,-,-,GH36,1
gnl|Prokka|JCIDEFIG_01436,1.0,1.0,1.0,1.0,1.0,1.0,1.0,1.0,1.0,1.0,1.0,0.0,1.0,1.0,1.0,1.0,1.0,1.0,1.0,gnl|Prokka|JCIDEFIG_01436,-,-,-,GH13_26,1
gnl|Prokka|JDDPIIHO_02770,1.0,1.0,1.0,1.0,1.0,1.0,1.0,1.0,1.0,1.0,1.0,1.0,1.0,0.0,1.0,1.0,1.0,1.0,1.0,gnl|Prokka|JDDPIIHO_02770,-,-,-,GH5_11,1
gnl|Prokka|HCDLLMMA_03359,0.0,0.0,0.0,0.0,0.0,0.0,0.0,0.0,1.0,0.0,1.0,0.0,0.0,0.0,0.0,1.0,0.0,1.0,0.0,gnl|Prokka|HCDLLMMA_03359,-,-,-,GH23,1
gnl|Prokka|COAKLHLB_02015,0.0,0.0,0.0,0.0,0.0,0.0,1.0,0.0,0.0,0.0,0.0,0.0,0.0,0.0,0.0,0.0,0.0,0.0,0.0,gnl|Prokka|COAKLHLB_02015,-,-,-,GH24,1
gnl|Prokka|JCIDEFIG_01756,0.0,0.0,0.0,0.0,1.0,1.0,0.0,0.0,0.0,0.0,0.0,0.0,0.0,0.0,1.0,0.0,1.0,1.0,1.0,gnl|Prokka|JCIDEFIG_01756,-,-,-,GT2,1
gnl|Prokka|APDOGEMG_01884,1.0,1.0,1.0,1.0,1.0,1.0,1.0,1.0,1.0,1.0,1.0,1.0,1.0,1.0,1.0,1.0,1.0,1.0,1.0,gnl|Prokka|APDOGEMG_01884,-,-,-,GH152,1
